hbb_prediction,qcd_prediction,hbb_label,qcd_label
0.39539587,0.6046041,0.0,1.0
0.52905416,0.47094578,0.0,1.0
0.86619693,0.13380307,1.0,0.0
0.7907583,0.20924161,1.0,0.0
0.91061646,0.08938351,1.0,0.0
0.20876317,0.7912369,0.0,1.0
0.75152934,0.24847065,1.0,0.0
0.9461857,0.053814307,1.0,0.0
0.9648534,0.03514667,1.0,0.0
0.7632619,0.23673807,1.0,0.0
0.80239147,0.19760852,1.0,0.0
0.45129496,0.54870504,0.0,1.0
0.9974685,0.002531558,1.0,0.0
0.9489725,0.051027402,1.0,0.0
0.99397624,0.0060237707,1.0,0.0
0.933647,0.066353075,1.0,0.0
0.9934362,0.006563839,1.0,0.0
0.6886926,0.31130743,0.0,1.0
0.9373542,0.06264573,1.0,0.0
0.94873804,0.051262006,1.0,0.0
0.9511421,0.048857946,1.0,0.0
0.9980679,0.0019321553,1.0,0.0
0.90608126,0.09391876,1.0,0.0
0.46676424,0.53323567,1.0,0.0
0.95791936,0.042080685,1.0,0.0
0.8590412,0.14095882,0.0,1.0
0.18657455,0.8134255,0.0,1.0
0.6262651,0.37373492,1.0,0.0
0.18414901,0.81585103,0.0,1.0
0.6415312,0.35846874,0.0,1.0
0.9704232,0.02957683,1.0,0.0
0.9941123,0.0058876793,1.0,0.0
0.9251551,0.07484493,1.0,0.0
0.9865389,0.013461144,1.0,0.0
0.8252433,0.17475668,0.0,1.0
0.84527355,0.15472649,1.0,0.0
0.9795802,0.020419767,1.0,0.0
0.7004525,0.29954746,1.0,0.0
0.91042334,0.089576595,0.0,1.0
0.95783097,0.042169046,1.0,0.0
0.780178,0.21982196,1.0,0.0
0.96087724,0.039122812,1.0,0.0
0.9803366,0.019663366,1.0,0.0
0.17090364,0.8290964,0.0,1.0
0.99823207,0.0017679764,1.0,0.0
0.93078196,0.06921802,1.0,0.0
0.35238823,0.64761174,1.0,0.0
0.99196494,0.008035015,1.0,0.0
0.71510375,0.28489625,0.0,1.0
0.29203993,0.7079601,0.0,1.0
0.6468924,0.35310757,1.0,0.0
0.4904672,0.50953275,1.0,0.0
0.3433495,0.65665054,0.0,1.0
0.89811003,0.10189003,1.0,0.0
0.9918366,0.008163396,1.0,0.0
0.6977491,0.30225092,0.0,1.0
0.75535035,0.24464968,1.0,0.0
0.6617739,0.33822605,1.0,0.0
0.9328269,0.06717314,1.0,0.0
0.9967818,0.0032181402,1.0,0.0
0.80281156,0.19718844,1.0,0.0
0.9515564,0.04844364,1.0,0.0
0.539996,0.46000394,0.0,1.0
0.28891128,0.71108866,0.0,1.0
0.9894366,0.0105634,1.0,0.0
0.6739213,0.3260787,0.0,1.0
0.39062595,0.60937405,0.0,1.0
0.9909623,0.009037678,1.0,0.0
0.4310846,0.5689154,0.0,1.0
0.2318729,0.76812714,0.0,1.0
0.999742,0.00025807062,1.0,0.0
0.9886946,0.01130541,1.0,0.0
0.9599406,0.040059406,1.0,0.0
0.91609645,0.08390358,1.0,0.0
0.9337167,0.066283286,1.0,0.0
0.85085773,0.14914228,1.0,0.0
0.9794322,0.020567754,1.0,0.0
0.8919453,0.10805471,1.0,0.0
0.86742324,0.13257681,1.0,0.0
0.9837931,0.016206885,1.0,0.0
0.81041545,0.18958457,1.0,0.0
0.86383575,0.1361642,0.0,1.0
0.89244026,0.10755974,0.0,1.0
0.834726,0.16527401,1.0,0.0
0.9818617,0.018138355,1.0,0.0
0.9780963,0.021903679,1.0,0.0
0.8730304,0.12696962,1.0,0.0
0.9296836,0.07031631,1.0,0.0
0.991578,0.008422004,1.0,0.0
0.92647403,0.07352602,1.0,0.0
0.95083296,0.04916701,0.0,1.0
0.75139844,0.2486015,1.0,0.0
0.9557537,0.044246312,1.0,0.0
0.9924533,0.0075467452,1.0,0.0
0.6939683,0.3060317,0.0,1.0
0.999005,0.0009949574,1.0,0.0
0.6847374,0.31526262,1.0,0.0
0.9862412,0.013758779,1.0,0.0
0.99591005,0.0040899124,1.0,0.0
0.32555312,0.6744469,0.0,1.0
0.7793005,0.22069947,0.0,1.0
0.66748,0.33252004,0.0,1.0
0.93767685,0.06232315,1.0,0.0
0.90431076,0.095689304,0.0,1.0
0.999974,2.5932637e-05,1.0,0.0
0.26510778,0.7348922,0.0,1.0
0.9200465,0.07995348,1.0,0.0
0.67583525,0.3241647,0.0,1.0
0.5353407,0.46465927,0.0,1.0
0.89544064,0.10455938,1.0,0.0
0.9587789,0.041221075,1.0,0.0
0.57368404,0.42631593,0.0,1.0
0.338983,0.66101694,0.0,1.0
0.9712631,0.028736861,1.0,0.0
0.34739462,0.6526054,0.0,1.0
0.8166223,0.18337768,1.0,0.0
0.8688037,0.1311963,1.0,0.0
0.93455815,0.065441795,1.0,0.0
0.9946597,0.0053402996,1.0,0.0
0.9968593,0.0031406633,1.0,0.0
0.98799884,0.012001198,1.0,0.0
0.91945314,0.080546826,1.0,0.0
0.9048933,0.0951067,1.0,0.0
0.6112512,0.38874888,0.0,1.0
0.980313,0.01968698,1.0,0.0
0.98802596,0.011974044,1.0,0.0
0.83697385,0.1630262,0.0,1.0
0.95807993,0.041920066,1.0,0.0
0.9839541,0.016045973,1.0,0.0
0.5653254,0.43467465,0.0,1.0
0.90548706,0.094512954,1.0,0.0
0.23819979,0.7618002,0.0,1.0
0.98136526,0.018634712,1.0,0.0
0.98975974,0.010240208,1.0,0.0
0.9262384,0.073761545,1.0,0.0
0.23722935,0.7627706,0.0,1.0
0.5299177,0.47008225,0.0,1.0
0.99895597,0.0010439721,1.0,0.0
0.5544702,0.44552985,0.0,1.0
0.9303105,0.0696895,1.0,0.0
0.7824628,0.21753722,1.0,0.0
0.99987125,0.00012870718,1.0,0.0
0.98434967,0.015650399,1.0,0.0
0.99341077,0.006589238,1.0,0.0
0.28962827,0.71037173,0.0,1.0
0.88750005,0.112499885,1.0,0.0
0.8628739,0.13712613,0.0,1.0
0.66975415,0.33024585,0.0,1.0
0.99932015,0.0006799194,1.0,0.0
0.81310624,0.1868938,1.0,0.0
0.9667282,0.033271827,1.0,0.0
0.1459951,0.85400486,0.0,1.0
0.28732494,0.71267503,0.0,1.0
0.96480834,0.03519162,1.0,0.0
0.903749,0.09625106,1.0,0.0
0.44040045,0.5595996,0.0,1.0
0.5796821,0.4203178,0.0,1.0
0.9731674,0.026832499,1.0,0.0
0.36875218,0.6312478,0.0,1.0
0.9955621,0.004437918,1.0,0.0
0.43190655,0.5680934,0.0,1.0
0.9793738,0.020626185,1.0,0.0
0.91672176,0.08327831,1.0,0.0
0.98290294,0.017097054,1.0,0.0
0.6441409,0.3558591,0.0,1.0
0.959742,0.040257927,1.0,0.0
0.9974739,0.002526137,1.0,0.0
0.86051595,0.13948406,0.0,1.0
0.6597741,0.34022596,1.0,0.0
0.560141,0.4398589,0.0,1.0
0.95421183,0.045788165,1.0,0.0
0.83130985,0.16869019,1.0,0.0
0.9611344,0.038865555,1.0,0.0
0.63624513,0.3637549,0.0,1.0
0.8183562,0.18164372,1.0,0.0
0.9992262,0.0007737365,1.0,0.0
0.9919206,0.008079395,1.0,0.0
0.7646025,0.2353975,1.0,0.0
0.24034919,0.75965077,0.0,1.0
0.97815555,0.021844503,1.0,0.0
0.9702893,0.029710691,0.0,1.0
0.95561844,0.044381514,1.0,0.0
0.9989147,0.0010853146,1.0,0.0
0.48115566,0.5188443,0.0,1.0
0.79672325,0.20327683,0.0,1.0
0.98496383,0.015036116,1.0,0.0
0.9556866,0.04431337,1.0,0.0
0.4521185,0.5478815,0.0,1.0
0.4590005,0.54099953,1.0,0.0
0.9712905,0.02870941,1.0,0.0
0.99316436,0.006835657,1.0,0.0
0.31500265,0.6849973,0.0,1.0
0.43388683,0.5661132,0.0,1.0
0.6541114,0.3458886,1.0,0.0
0.53941065,0.46058935,1.0,0.0
0.9962655,0.0037345812,1.0,0.0
0.9877835,0.01221652,1.0,0.0
0.53581816,0.46418184,0.0,1.0
0.37303257,0.6269674,0.0,1.0
0.9385937,0.061406285,1.0,0.0
0.8184043,0.18159574,1.0,0.0
0.95917964,0.040820345,1.0,0.0
0.7641254,0.23587458,1.0,0.0
0.54674566,0.4532543,0.0,1.0
0.88513905,0.11486093,0.0,1.0
0.82720166,0.17279837,1.0,0.0
0.53525925,0.46474075,1.0,0.0
0.3752038,0.6247962,0.0,1.0
0.9571773,0.042822722,0.0,1.0
0.49904662,0.5009534,0.0,1.0
0.47403798,0.52596205,1.0,0.0
0.9824865,0.017513579,1.0,0.0
0.27550086,0.72449917,0.0,1.0
0.7663955,0.23360455,1.0,0.0
0.7732717,0.22672834,1.0,0.0
0.237117,0.762883,0.0,1.0
0.3821691,0.61783093,1.0,0.0
0.7936993,0.20630065,0.0,1.0
0.9884239,0.011576185,1.0,0.0
0.78071064,0.21928938,1.0,0.0
0.27399918,0.7260008,0.0,1.0
0.99972945,0.00027048922,1.0,0.0
0.95448303,0.045516886,1.0,0.0
0.99699354,0.003006429,1.0,0.0
0.99133414,0.0086658215,1.0,0.0
0.6130266,0.38697335,1.0,0.0
0.46604392,0.53395617,0.0,1.0
0.980796,0.019204032,1.0,0.0
0.69306785,0.30693206,0.0,1.0
0.31690463,0.6830954,0.0,1.0
0.86091894,0.13908108,1.0,0.0
0.9061794,0.09382061,1.0,0.0
0.9172961,0.08270387,1.0,0.0
0.91155356,0.0884464,1.0,0.0
0.9077838,0.09221615,1.0,0.0
0.8281056,0.17189442,1.0,0.0
0.40263563,0.59736437,0.0,1.0
0.99150324,0.008496813,1.0,0.0
0.9995547,0.00044530502,1.0,0.0
0.5929494,0.40705058,0.0,1.0
0.2979412,0.70205873,0.0,1.0
0.98768497,0.012315076,1.0,0.0
0.9957761,0.004223879,1.0,0.0
0.61013377,0.38986626,0.0,1.0
0.956605,0.043394987,1.0,0.0
0.986294,0.0137060145,1.0,0.0
0.5932448,0.40675527,1.0,0.0
0.99171406,0.00828586,1.0,0.0
0.87346894,0.126531,0.0,1.0
0.9329845,0.06701555,1.0,0.0
0.85297483,0.1470252,1.0,0.0
0.9495235,0.050476495,1.0,0.0
0.9964832,0.0035167465,1.0,0.0
0.2785709,0.72142917,0.0,1.0
0.9788953,0.021104751,1.0,0.0
0.9824953,0.017504627,1.0,0.0
0.31407416,0.68592584,0.0,1.0
0.9650907,0.034909252,1.0,0.0
0.71585697,0.2841431,0.0,1.0
0.19245106,0.807549,0.0,1.0
0.9404081,0.05959187,1.0,0.0
0.9415647,0.058435265,1.0,0.0
0.99180436,0.008195658,1.0,0.0
0.7149775,0.28502253,1.0,0.0
0.97174275,0.028257314,1.0,0.0
0.68545616,0.3145438,0.0,1.0
0.15377884,0.84622115,0.0,1.0
0.91615975,0.08384019,0.0,1.0
0.4754054,0.5245946,0.0,1.0
0.98867434,0.011325719,1.0,0.0
0.68237513,0.3176249,1.0,0.0
0.9703725,0.029627532,1.0,0.0
0.99808705,0.0019129536,1.0,0.0
0.9770603,0.022939634,1.0,0.0
0.6974209,0.30257908,1.0,0.0
0.89958227,0.10041781,1.0,0.0
0.9916324,0.0083675925,1.0,0.0
0.9213677,0.078632325,1.0,0.0
0.39093515,0.6090649,0.0,1.0
0.98813176,0.011868283,1.0,0.0
0.7307108,0.2692892,1.0,0.0
0.97182876,0.028171219,1.0,0.0
0.9801441,0.019855939,1.0,0.0
0.99668,0.0033199687,1.0,0.0
0.974566,0.02543398,1.0,0.0
0.5244596,0.4755403,0.0,1.0
0.8953944,0.10460559,0.0,1.0
0.65936935,0.34063065,0.0,1.0
0.96073854,0.039261498,1.0,0.0
0.9676379,0.032362126,1.0,0.0
0.93527615,0.064723805,1.0,0.0
0.98681706,0.013182975,1.0,0.0
0.8410886,0.1589114,1.0,0.0
0.96226394,0.03773604,1.0,0.0
0.9994029,0.00059707864,1.0,0.0
0.9750162,0.024983875,1.0,0.0
0.6329787,0.36702135,0.0,1.0
0.7064275,0.29357243,1.0,0.0
0.9811569,0.018843044,1.0,0.0
0.93365973,0.06634027,1.0,0.0
0.93686354,0.06313641,1.0,0.0
0.23818648,0.7618136,0.0,1.0
0.9435908,0.05640917,1.0,0.0
0.93087935,0.069120646,1.0,0.0
0.32852444,0.6714755,0.0,1.0
0.9982864,0.0017134984,1.0,0.0
0.37881392,0.62118614,0.0,1.0
0.756895,0.24310508,1.0,0.0
0.8058805,0.19411957,1.0,0.0
0.9868146,0.013185369,1.0,0.0
0.44626388,0.55373615,0.0,1.0
0.829172,0.17082798,1.0,0.0
0.59879214,0.40120795,0.0,1.0
0.8667749,0.13322504,1.0,0.0
0.4252968,0.5747032,0.0,1.0
0.98483765,0.015162353,1.0,0.0
0.99810433,0.0018956059,1.0,0.0
0.9658648,0.034135282,1.0,0.0
0.73315233,0.2668477,1.0,0.0
0.7464073,0.2535927,1.0,0.0
0.99874073,0.001259326,1.0,0.0
0.30628628,0.6937137,0.0,1.0
0.6456366,0.35436335,0.0,1.0
0.9450764,0.05492355,1.0,0.0
0.8944987,0.10550126,0.0,1.0
0.94176996,0.05823005,1.0,0.0
0.99968266,0.0003173711,1.0,0.0
0.77257055,0.22742946,0.0,1.0
0.9230516,0.07694842,0.0,1.0
0.9810189,0.018981112,1.0,0.0
0.90733755,0.092662476,0.0,1.0
0.81144875,0.18855128,1.0,0.0
0.9259843,0.07401561,1.0,0.0
0.9903077,0.00969239,1.0,0.0
0.69861317,0.30138683,0.0,1.0
0.48378694,0.51621306,0.0,1.0
0.30090094,0.699099,0.0,1.0
0.98707515,0.012924865,1.0,0.0
0.27944645,0.7205535,0.0,1.0
0.96507615,0.034923892,1.0,0.0
0.7687728,0.23122723,0.0,1.0
0.93892187,0.061078154,0.0,1.0
0.99711096,0.0028890094,1.0,0.0
0.5422032,0.45779675,0.0,1.0
0.9838013,0.0161987,1.0,0.0
0.27803135,0.72196865,0.0,1.0
0.99843365,0.0015663346,1.0,0.0
0.94470465,0.05529538,1.0,0.0
0.60294765,0.39705232,0.0,1.0
0.9990971,0.0009029533,1.0,0.0
0.9882166,0.011783348,1.0,0.0
0.45795444,0.5420456,0.0,1.0
0.6320895,0.36791053,0.0,1.0
0.94429654,0.05570347,1.0,0.0
0.9731556,0.026844457,1.0,0.0
0.9758927,0.02410724,1.0,0.0
0.9717434,0.028256591,1.0,0.0
0.7989444,0.20105559,1.0,0.0
0.790019,0.20998096,1.0,0.0
0.95985955,0.040140476,1.0,0.0
0.65057343,0.34942654,1.0,0.0
0.65279937,0.34720066,1.0,0.0
0.9649831,0.035016824,1.0,0.0
0.7214496,0.27855033,1.0,0.0
0.976103,0.023896936,1.0,0.0
0.5203212,0.47967878,0.0,1.0
0.8389882,0.16101184,1.0,0.0
0.46937636,0.53062356,0.0,1.0
0.90362847,0.096371524,1.0,0.0
0.88740945,0.112590574,1.0,0.0
0.9786028,0.021397155,1.0,0.0
0.95513374,0.04486625,1.0,0.0
0.95945984,0.040540162,1.0,0.0
0.9532653,0.046734665,1.0,0.0
0.99829656,0.0017034294,1.0,0.0
0.9879858,0.012014232,0.0,1.0
0.996725,0.0032750086,1.0,0.0
0.99928206,0.0007179196,1.0,0.0
0.89259595,0.10740401,1.0,0.0
0.9981902,0.0018098252,1.0,0.0
0.58709806,0.41290194,1.0,0.0
0.9514312,0.048568822,1.0,0.0
0.9227072,0.07729281,1.0,0.0
0.98418576,0.015814265,1.0,0.0
0.6723604,0.3276396,0.0,1.0
0.67387205,0.32612792,1.0,0.0
0.57104105,0.42895895,0.0,1.0
0.79522806,0.20477198,1.0,0.0
0.9320016,0.06799842,1.0,0.0
0.43037167,0.5696283,0.0,1.0
0.9807993,0.019200686,1.0,0.0
0.9133819,0.086618066,1.0,0.0
0.8573672,0.14263274,1.0,0.0
0.5377652,0.46223482,1.0,0.0
0.4791702,0.5208298,0.0,1.0
0.97561044,0.024389517,1.0,0.0
0.94218326,0.05781671,1.0,0.0
0.8214037,0.17859633,1.0,0.0
0.4139037,0.58609635,0.0,1.0
0.99110293,0.008897118,1.0,0.0
0.87288696,0.12711306,1.0,0.0
0.9986298,0.001370174,1.0,0.0
0.9867502,0.013249789,1.0,0.0
0.9988254,0.0011746001,1.0,0.0
0.6286311,0.37136889,0.0,1.0
0.8420598,0.15794024,1.0,0.0
0.22925363,0.7707464,0.0,1.0
0.82957953,0.17042048,1.0,0.0
0.97458005,0.025419911,1.0,0.0
0.71121514,0.28878492,0.0,1.0
0.691259,0.30874094,1.0,0.0
0.9850331,0.014966897,1.0,0.0
0.9827824,0.017217552,1.0,0.0
0.9117524,0.08824764,0.0,1.0
0.37170774,0.62829226,0.0,1.0
0.41804683,0.58195317,0.0,1.0
0.9619788,0.038021244,1.0,0.0
0.7227402,0.27725986,1.0,0.0
0.9088222,0.09117781,0.0,1.0
0.96538794,0.034612074,1.0,0.0
0.52672374,0.47327626,0.0,1.0
0.9704015,0.029598437,1.0,0.0
0.75168043,0.2483196,0.0,1.0
0.82744414,0.17255588,1.0,0.0
0.5325048,0.46749517,0.0,1.0
0.50188667,0.4981133,0.0,1.0
0.97176516,0.028234873,1.0,0.0
0.6110237,0.3889763,1.0,0.0
0.98450387,0.015496131,1.0,0.0
0.9382948,0.061705206,1.0,0.0
0.39638743,0.6036126,0.0,1.0
0.74832714,0.25167286,1.0,0.0
0.14762235,0.85237765,0.0,1.0
0.87503713,0.12496292,1.0,0.0
0.24599016,0.75400984,0.0,1.0
0.98927444,0.010725509,1.0,0.0
0.71457356,0.28542638,0.0,1.0
0.99662685,0.003373182,1.0,0.0
0.81901187,0.18098812,1.0,0.0
0.94467723,0.055322763,1.0,0.0
0.7110306,0.28896943,1.0,0.0
0.920586,0.07941402,0.0,1.0
0.21322727,0.78677267,0.0,1.0
0.3722306,0.6277694,0.0,1.0
0.46378627,0.53621376,0.0,1.0
0.9430321,0.056967963,1.0,0.0
0.4354491,0.5645509,0.0,1.0
0.90152055,0.09847949,1.0,0.0
0.9118632,0.088136844,1.0,0.0
0.9060186,0.09398135,1.0,0.0
0.9995951,0.00040489275,1.0,0.0
0.6934964,0.30650362,1.0,0.0
0.8663168,0.1336832,1.0,0.0
0.42826316,0.5717368,0.0,1.0
0.9193359,0.08066408,1.0,0.0
0.9968893,0.0031107233,1.0,0.0
0.9561542,0.043845702,1.0,0.0
0.67890453,0.32109547,0.0,1.0
0.24813351,0.75186646,0.0,1.0
0.9678994,0.032100562,1.0,0.0
0.57815135,0.42184868,1.0,0.0
0.5632288,0.43677115,0.0,1.0
0.98659444,0.013405584,1.0,0.0
0.3142954,0.6857046,0.0,1.0
0.2289243,0.77107567,0.0,1.0
0.4208614,0.57913864,0.0,1.0
0.9585425,0.04145752,1.0,0.0
0.98151267,0.018487306,1.0,0.0
0.9509519,0.049048077,1.0,0.0
0.57201064,0.42798936,1.0,0.0
0.38300982,0.61699027,0.0,1.0
0.99559397,0.0044059865,1.0,0.0
0.24641852,0.75358146,0.0,1.0
0.97652096,0.023479091,1.0,0.0
0.9423018,0.057698186,1.0,0.0
0.5477605,0.45223954,0.0,1.0
0.9591297,0.040870328,1.0,0.0
0.4553712,0.54462886,0.0,1.0
0.9970421,0.0029578677,1.0,0.0
0.95470816,0.045291904,1.0,0.0
0.98541707,0.014582998,1.0,0.0
0.503543,0.496457,0.0,1.0
0.19868399,0.801316,0.0,1.0
0.7982141,0.20178597,0.0,1.0
0.61575454,0.38424546,0.0,1.0
0.344964,0.655036,1.0,0.0
0.94749945,0.052500546,1.0,0.0
0.3566629,0.64333713,0.0,1.0
0.2743564,0.72564363,0.0,1.0
0.9874742,0.012525797,1.0,0.0
0.56106627,0.43893382,0.0,1.0
0.4724919,0.5275082,1.0,0.0
0.9432269,0.056773134,1.0,0.0
0.9982425,0.0017574916,1.0,0.0
0.92514,0.07485995,1.0,0.0
0.35004905,0.6499509,0.0,1.0
0.24056627,0.75943375,0.0,1.0
0.29417577,0.70582426,0.0,1.0
0.9855649,0.014435052,1.0,0.0
0.994087,0.0059129884,1.0,0.0
0.9991819,0.00081807823,1.0,0.0
0.61796117,0.3820388,0.0,1.0
0.47230417,0.5276958,0.0,1.0
0.9516843,0.04831574,1.0,0.0
0.9515364,0.048463535,1.0,0.0
0.41061065,0.58938926,0.0,1.0
0.96323895,0.03676111,1.0,0.0
0.9143686,0.0856314,1.0,0.0
0.37081018,0.62918985,0.0,1.0
0.75913024,0.24086969,0.0,1.0
0.975473,0.024527036,1.0,0.0
0.9492496,0.050750446,1.0,0.0
0.99689305,0.0031068705,1.0,0.0
0.30706695,0.692933,1.0,0.0
0.95545256,0.044547454,1.0,0.0
0.90861154,0.09138844,1.0,0.0
0.4906802,0.5093198,0.0,1.0
0.8886718,0.11132819,1.0,0.0
0.97432864,0.025671357,1.0,0.0
0.75385654,0.24614342,0.0,1.0
0.9997404,0.00025961033,1.0,0.0
0.82772094,0.1722791,0.0,1.0
0.47456238,0.52543765,1.0,0.0
0.2848647,0.71513534,0.0,1.0
0.9809806,0.019019453,1.0,0.0
0.96799535,0.032004666,1.0,0.0
0.9743569,0.025643038,1.0,0.0
0.9808406,0.019159433,1.0,0.0
0.7070356,0.2929644,0.0,1.0
0.75068605,0.24931398,0.0,1.0
0.98532444,0.0146755725,1.0,0.0
0.9630581,0.036941826,1.0,0.0
0.947094,0.05290597,1.0,0.0
0.9804935,0.01950649,1.0,0.0
0.22177237,0.7782276,0.0,1.0
0.2960447,0.7039553,0.0,1.0
0.28352645,0.7164735,0.0,1.0
0.99023,0.009769962,1.0,0.0
0.404363,0.595637,0.0,1.0
0.95600015,0.04399979,1.0,0.0
0.76988006,0.23011991,0.0,1.0
0.94272006,0.057279967,1.0,0.0
0.6953213,0.30467874,0.0,1.0
0.95599246,0.044007543,1.0,0.0
0.9750577,0.024942247,1.0,0.0
0.98707134,0.012928649,1.0,0.0
0.8436155,0.1563845,1.0,0.0
0.9968266,0.0031733979,1.0,0.0
0.7478395,0.25216046,0.0,1.0
0.5242904,0.4757096,1.0,0.0
0.7785053,0.22149475,1.0,0.0
0.88104117,0.11895882,1.0,0.0
0.99579984,0.004200195,1.0,0.0
0.56584287,0.4341571,1.0,0.0
0.8489879,0.15101212,1.0,0.0
0.9560191,0.04398086,1.0,0.0
0.9129296,0.087070405,1.0,0.0
0.27311927,0.72688067,0.0,1.0
0.89372134,0.10627864,1.0,0.0
0.9386926,0.061307367,0.0,1.0
0.22452588,0.7754741,0.0,1.0
0.99818844,0.0018115867,1.0,0.0
0.8222132,0.17778678,1.0,0.0
0.9938937,0.0061062407,1.0,0.0
0.4635826,0.5364173,0.0,1.0
0.96016675,0.03983329,1.0,0.0
0.7155049,0.28449506,1.0,0.0
0.9828242,0.017175758,1.0,0.0
0.22939712,0.7706029,0.0,1.0
0.83562636,0.16437362,0.0,1.0
0.9997583,0.00024170591,1.0,0.0
0.99961996,0.00037999102,1.0,0.0
0.92397517,0.07602486,1.0,0.0
0.6650597,0.33494034,1.0,0.0
0.5330833,0.46691665,1.0,0.0
0.9998004,0.00019964536,1.0,0.0
0.99353504,0.0064649354,1.0,0.0
0.49479076,0.5052092,0.0,1.0
0.1974499,0.8025501,0.0,1.0
0.82118493,0.17881499,1.0,0.0
0.9985039,0.0014960777,1.0,0.0
0.90589494,0.09410503,1.0,0.0
0.729179,0.27082095,1.0,0.0
0.9642001,0.035799958,1.0,0.0
0.9860702,0.013929737,1.0,0.0
0.46205458,0.53794533,0.0,1.0
0.77219594,0.22780405,1.0,0.0
0.6398648,0.3601353,1.0,0.0
0.3587228,0.6412772,0.0,1.0
0.5072179,0.4927821,0.0,1.0
0.38793772,0.61206234,0.0,1.0
0.5807075,0.41929248,0.0,1.0
0.2379043,0.7620957,0.0,1.0
0.757216,0.24278401,0.0,1.0
0.7620451,0.23795497,1.0,0.0
0.39509675,0.60490334,1.0,0.0
0.8928805,0.10711947,0.0,1.0
0.99921,0.00079002033,1.0,0.0
0.9574277,0.042572297,1.0,0.0
0.4461982,0.55380183,0.0,1.0
0.99933064,0.0006694379,1.0,0.0
0.989248,0.0107520595,1.0,0.0
0.23226026,0.7677398,0.0,1.0
0.9813432,0.01865684,1.0,0.0
0.8031322,0.19686776,0.0,1.0
0.98457897,0.015421003,1.0,0.0
0.4363254,0.5636746,1.0,0.0
0.98862934,0.011370609,0.0,1.0
0.9087513,0.09124864,1.0,0.0
0.9942473,0.005752629,1.0,0.0
0.4676213,0.5323787,0.0,1.0
0.3143335,0.68566644,0.0,1.0
0.98691493,0.013085076,1.0,0.0
0.8880514,0.11194862,1.0,0.0
0.99491054,0.005089474,1.0,0.0
0.9872979,0.012702109,1.0,0.0
0.7455982,0.25440186,1.0,0.0
0.8899765,0.11002353,0.0,1.0
0.76551616,0.23448384,1.0,0.0
0.9149122,0.0850878,1.0,0.0
0.76540303,0.23459698,1.0,0.0
0.7599947,0.24000531,1.0,0.0
0.5164432,0.4835568,0.0,1.0
0.41408074,0.58591926,0.0,1.0
0.95443135,0.0455686,1.0,0.0
0.91409194,0.0859081,0.0,1.0
0.18376197,0.81623805,0.0,1.0
0.9249209,0.07507905,1.0,0.0
0.92747366,0.07252629,1.0,0.0
0.9926351,0.007364972,1.0,0.0
0.99559903,0.0044009634,1.0,0.0
0.7150819,0.28491813,1.0,0.0
0.9910353,0.008964698,1.0,0.0
0.95941854,0.04058146,1.0,0.0
0.4253422,0.5746578,0.0,1.0
0.9354931,0.064506866,1.0,0.0
0.57164484,0.4283552,0.0,1.0
0.16311295,0.83688706,0.0,1.0
0.29771876,0.7022813,0.0,1.0
0.89401484,0.10598515,0.0,1.0
0.96358305,0.036416918,1.0,0.0
0.65348315,0.34651682,0.0,1.0
0.8333715,0.16662845,1.0,0.0
0.98463535,0.015364569,1.0,0.0
0.91927695,0.080723025,0.0,1.0
0.9233386,0.076661386,1.0,0.0
0.5772712,0.42272878,0.0,1.0
0.7668565,0.23314354,0.0,1.0
0.35722774,0.6427723,0.0,1.0
0.85816383,0.14183617,1.0,0.0
0.3764229,0.6235772,0.0,1.0
0.6323181,0.36768192,1.0,0.0
0.9932482,0.006751756,1.0,0.0
0.875889,0.12411098,1.0,0.0
0.9993511,0.0006488665,1.0,0.0
0.23022713,0.7697728,0.0,1.0
0.86331344,0.13668649,0.0,1.0
0.20403121,0.7959688,0.0,1.0
0.7486397,0.25136033,1.0,0.0
0.8267394,0.17326057,0.0,1.0
0.6694492,0.33055082,1.0,0.0
0.9673506,0.032649375,1.0,0.0
0.31083047,0.68916947,0.0,1.0
0.8947555,0.10524457,1.0,0.0
0.9507624,0.04923765,0.0,1.0
0.37674454,0.62325543,0.0,1.0
0.2786133,0.72138673,0.0,1.0
0.6182424,0.3817576,0.0,1.0
0.675499,0.32450104,0.0,1.0
0.99838495,0.0016150746,1.0,0.0
0.8748072,0.1251928,1.0,0.0
0.91314614,0.08685388,1.0,0.0
0.8629424,0.13705753,0.0,1.0
0.99566287,0.0043370826,1.0,0.0
0.7471219,0.25287816,1.0,0.0
0.56920385,0.43079615,0.0,1.0
0.21614735,0.7838527,0.0,1.0
0.9687283,0.031271663,1.0,0.0
0.1891908,0.81080925,0.0,1.0
0.21237415,0.7876259,0.0,1.0
0.9247261,0.075273864,1.0,0.0
0.9617161,0.03828395,1.0,0.0
0.9682409,0.031759072,1.0,0.0
0.2580263,0.7419737,0.0,1.0
0.29311895,0.70688105,0.0,1.0
0.9820955,0.017904513,1.0,0.0
0.68555623,0.31444377,1.0,0.0
0.30375442,0.6962456,0.0,1.0
0.85337776,0.14662226,1.0,0.0
0.847662,0.15233804,1.0,0.0
0.9787396,0.021260357,1.0,0.0
0.4994674,0.5005326,0.0,1.0
0.9058725,0.09412741,1.0,0.0
0.9993318,0.00066822395,1.0,0.0
0.50325346,0.49674654,0.0,1.0
0.997858,0.0021420096,1.0,0.0
0.9695561,0.030443963,1.0,0.0
0.991852,0.008147978,1.0,0.0
0.91249764,0.08750233,1.0,0.0
0.77329946,0.22670053,0.0,1.0
0.99354035,0.0064596417,1.0,0.0
0.3917092,0.60829073,0.0,1.0
0.9839655,0.016034458,1.0,0.0
0.59416974,0.40583023,0.0,1.0
0.57819027,0.4218097,0.0,1.0
0.9686073,0.031392694,1.0,0.0
0.65883523,0.3411647,1.0,0.0
0.83182895,0.16817111,0.0,1.0
0.23421411,0.7657858,0.0,1.0
0.5147687,0.48523125,1.0,0.0
0.9767518,0.02324827,1.0,0.0
0.9214837,0.078516275,1.0,0.0
0.6020952,0.3979048,1.0,0.0
0.9762005,0.023799459,1.0,0.0
0.8693792,0.1306208,1.0,0.0
0.9997378,0.00026224586,1.0,0.0
0.75393504,0.2460649,0.0,1.0
0.7286724,0.27132753,0.0,1.0
0.9781925,0.021807538,1.0,0.0
0.9356512,0.06434878,1.0,0.0
0.5654062,0.43459377,0.0,1.0
0.6074496,0.39255038,0.0,1.0
0.995475,0.00452497,1.0,0.0
0.65812606,0.3418739,0.0,1.0
0.9493288,0.050671224,1.0,0.0
0.47364274,0.52635723,0.0,1.0
0.99517655,0.004823446,1.0,0.0
0.27820805,0.721792,0.0,1.0
0.4591265,0.5408735,0.0,1.0
0.6505582,0.3494419,1.0,0.0
0.9745352,0.025464782,1.0,0.0
0.7547197,0.24528033,1.0,0.0
0.91704184,0.0829582,1.0,0.0
0.78980464,0.21019535,1.0,0.0
0.6836561,0.31634393,0.0,1.0
0.8922428,0.10775717,1.0,0.0
0.6088494,0.39115056,0.0,1.0
0.1874627,0.81253725,0.0,1.0
0.9868846,0.013115345,1.0,0.0
0.72256714,0.27743286,0.0,1.0
0.9969104,0.0030896717,1.0,0.0
0.77121294,0.22878711,0.0,1.0
0.9846928,0.015307159,1.0,0.0
0.2068445,0.79315555,0.0,1.0
0.87049323,0.12950675,1.0,0.0
0.9423669,0.057633154,1.0,0.0
0.9557796,0.04422041,1.0,0.0
0.98424584,0.015754212,1.0,0.0
0.99713886,0.0028612048,1.0,0.0
0.59007096,0.409929,0.0,1.0
0.32326612,0.6767339,0.0,1.0
0.9742009,0.025799084,1.0,0.0
0.9955236,0.004476388,1.0,0.0
0.9947449,0.0052551064,1.0,0.0
0.36179867,0.63820136,0.0,1.0
0.9726098,0.027390225,1.0,0.0
0.43759313,0.5624069,0.0,1.0
0.8686726,0.13132739,1.0,0.0
0.4446091,0.55539095,0.0,1.0
0.28673786,0.7132622,0.0,1.0
0.99929225,0.0007077803,1.0,0.0
0.9160183,0.08398164,1.0,0.0
0.8988367,0.10116333,1.0,0.0
0.9921434,0.007856565,1.0,0.0
0.9278613,0.07213872,1.0,0.0
0.9778227,0.022177283,1.0,0.0
0.77572775,0.22427227,1.0,0.0
0.6365399,0.36346015,1.0,0.0
0.98716193,0.012838064,1.0,0.0
0.9994141,0.00058595755,1.0,0.0
0.94697076,0.053029172,1.0,0.0
0.9573899,0.042610127,1.0,0.0
0.8903415,0.109658465,1.0,0.0
0.9868527,0.013147298,1.0,0.0
0.9789692,0.021030787,1.0,0.0
0.7191865,0.28081352,1.0,0.0
0.8951524,0.10484762,1.0,0.0
0.5548038,0.44519615,1.0,0.0
0.99345917,0.006540826,1.0,0.0
0.8603478,0.13965216,1.0,0.0
0.58760524,0.4123947,0.0,1.0
0.79381466,0.20618537,1.0,0.0
0.802403,0.197597,1.0,0.0
0.54419625,0.45580378,1.0,0.0
0.9881926,0.011807428,1.0,0.0
0.986032,0.013968007,1.0,0.0
0.32437962,0.6756204,0.0,1.0
0.7524179,0.24758205,1.0,0.0
0.9978517,0.002148287,1.0,0.0
0.8210714,0.17892858,0.0,1.0
0.7372821,0.26271787,1.0,0.0
0.8490587,0.15094137,1.0,0.0
0.42300704,0.576993,0.0,1.0
0.9192056,0.08079442,1.0,0.0
0.96936136,0.030638589,1.0,0.0
0.6976876,0.30231237,0.0,1.0
0.9817395,0.018260444,1.0,0.0
0.9795083,0.020491708,1.0,0.0
0.98722935,0.01277069,1.0,0.0
0.9734283,0.026571693,1.0,0.0
0.9694232,0.030576762,1.0,0.0
0.16245192,0.83754814,0.0,1.0
0.96985877,0.030141294,0.0,1.0
0.5189095,0.48109046,0.0,1.0
0.734053,0.26594695,1.0,0.0
0.4180752,0.5819248,0.0,1.0
0.18395661,0.81604344,0.0,1.0
0.9908578,0.009142161,1.0,0.0
0.9399904,0.060009614,1.0,0.0
0.50058055,0.4994194,0.0,1.0
0.99292,0.0070800413,1.0,0.0
0.97748375,0.022516299,1.0,0.0
0.8619048,0.1380952,0.0,1.0
0.680461,0.319539,1.0,0.0
0.24260406,0.7573959,1.0,0.0
0.99566627,0.0043337443,1.0,0.0
0.9779074,0.022092646,1.0,0.0
0.4753676,0.5246324,0.0,1.0
0.8416277,0.15837222,0.0,1.0
0.9095309,0.090469114,0.0,1.0
0.30263835,0.69736165,0.0,1.0
0.99239254,0.0076074135,1.0,0.0
0.6535263,0.3464737,1.0,0.0
0.77836645,0.22163352,1.0,0.0
0.9215034,0.0784966,0.0,1.0
0.9768981,0.023101905,1.0,0.0
0.96220756,0.037792496,1.0,0.0
0.4833144,0.5166856,0.0,1.0
0.5916871,0.40831298,0.0,1.0
0.53864527,0.4613547,0.0,1.0
0.9926018,0.007398163,0.0,1.0
0.96157765,0.038422372,0.0,1.0
0.9598979,0.040102173,1.0,0.0
0.9982066,0.0017934045,1.0,0.0
0.8299428,0.17005719,1.0,0.0
0.93429315,0.06570688,1.0,0.0
0.48971286,0.5102871,0.0,1.0
0.9506347,0.04936529,1.0,0.0
0.78756243,0.21243756,0.0,1.0
0.45995808,0.5400419,1.0,0.0
0.8013888,0.19861116,1.0,0.0
0.38420686,0.61579317,0.0,1.0
0.784599,0.21540096,0.0,1.0
0.88095325,0.11904671,1.0,0.0
0.9565163,0.043483682,1.0,0.0
0.99148625,0.008513734,1.0,0.0
0.19645368,0.8035463,0.0,1.0
0.29409456,0.70590544,0.0,1.0
0.8342802,0.16571978,0.0,1.0
0.9456122,0.054387767,1.0,0.0
0.2079779,0.7920221,0.0,1.0
0.77184516,0.22815476,1.0,0.0
0.252083,0.747917,0.0,1.0
0.9190479,0.08095212,1.0,0.0
0.9613428,0.038657192,1.0,0.0
0.9472723,0.05272764,1.0,0.0
0.52137905,0.47862092,0.0,1.0
0.777107,0.22289301,1.0,0.0
0.445465,0.55453503,0.0,1.0
0.66972476,0.3302752,0.0,1.0
0.18528433,0.81471574,1.0,0.0
0.9283205,0.07167948,1.0,0.0
0.9940347,0.0059653255,1.0,0.0
0.40864727,0.5913527,0.0,1.0
0.24453355,0.75546646,0.0,1.0
0.70746994,0.29253015,1.0,0.0
0.99640816,0.0035918325,1.0,0.0
0.5436899,0.45631015,0.0,1.0
0.957857,0.042142965,1.0,0.0
0.39637598,0.603624,0.0,1.0
0.9232051,0.0767949,1.0,0.0
0.93582624,0.064173795,1.0,0.0
0.41086328,0.5891367,0.0,1.0
0.7564875,0.24351257,1.0,0.0
0.86090446,0.13909562,1.0,0.0
0.9689645,0.031035483,1.0,0.0
0.76503414,0.2349658,1.0,0.0
0.9879507,0.012049334,1.0,0.0
0.9777711,0.022228884,1.0,0.0
0.21503127,0.7849688,0.0,1.0
0.93759435,0.062405597,1.0,0.0
0.25511217,0.7448878,0.0,1.0
0.9970764,0.0029235957,1.0,0.0
0.6723644,0.32763562,0.0,1.0
0.8054561,0.19454388,1.0,0.0
0.6365906,0.36340934,1.0,0.0
0.9736164,0.026383571,1.0,0.0
0.9662632,0.033736788,1.0,0.0
0.8254271,0.17457281,1.0,0.0
0.38310054,0.61689943,0.0,1.0
0.9874571,0.012542949,1.0,0.0
0.93939316,0.060606897,1.0,0.0
0.8784,0.12159995,1.0,0.0
0.309229,0.690771,0.0,1.0
0.7363819,0.2636181,1.0,0.0
0.38472244,0.6152775,0.0,1.0
0.32977986,0.67022014,0.0,1.0
0.9879362,0.012063824,1.0,0.0
0.91427404,0.0857259,1.0,0.0
0.87404495,0.12595505,1.0,0.0
0.9959449,0.004055116,1.0,0.0
0.4480191,0.5519809,0.0,1.0
0.5264396,0.47356042,0.0,1.0
0.9997621,0.00023783337,1.0,0.0
0.90356094,0.09643913,1.0,0.0
0.97544265,0.024557356,1.0,0.0
0.5805396,0.41946042,0.0,1.0
0.3335076,0.6664924,0.0,1.0
0.98725766,0.012742284,1.0,0.0
0.38344032,0.6165597,0.0,1.0
0.8146969,0.18530315,1.0,0.0
0.94430524,0.05569475,0.0,1.0
0.65640664,0.34359336,0.0,1.0
0.9135918,0.08640825,1.0,0.0
0.64848155,0.3515185,0.0,1.0
0.682743,0.31725696,1.0,0.0
0.4349461,0.56505394,1.0,0.0
0.872962,0.12703793,1.0,0.0
0.9770915,0.022908544,1.0,0.0
0.90554,0.09446005,1.0,0.0
0.98448503,0.015514984,1.0,0.0
0.82640684,0.17359318,1.0,0.0
0.96747,0.032529984,1.0,0.0
0.20131586,0.7986841,0.0,1.0
0.30293024,0.6970697,0.0,1.0
0.42589808,0.574102,0.0,1.0
0.24714573,0.7528543,0.0,1.0
0.9907306,0.009269401,1.0,0.0
0.90238655,0.097613454,1.0,0.0
0.66402954,0.33597052,0.0,1.0
0.6359508,0.3640492,1.0,0.0
0.9748951,0.02510484,1.0,0.0
0.95186204,0.04813795,1.0,0.0
0.9084345,0.091565505,1.0,0.0
0.8903501,0.10964993,1.0,0.0
0.9056242,0.094375715,0.0,1.0
0.9876939,0.012306112,1.0,0.0
0.6439469,0.35605308,1.0,0.0
0.9520778,0.04792224,1.0,0.0
0.99350077,0.006499234,1.0,0.0
0.36717534,0.6328246,1.0,0.0
0.90370154,0.0962984,0.0,1.0
0.9358323,0.06416769,1.0,0.0
0.9821191,0.01788095,1.0,0.0
0.6758691,0.32413095,1.0,0.0
0.99509865,0.004901355,1.0,0.0
0.87153244,0.12846749,1.0,0.0
0.53852886,0.4614711,0.0,1.0
0.9405733,0.059426744,0.0,1.0
0.99475807,0.0052419463,1.0,0.0
0.7237446,0.27625546,1.0,0.0
0.31928095,0.680719,0.0,1.0
0.38739794,0.6126021,0.0,1.0
0.9527659,0.04723419,1.0,0.0
0.23045191,0.76954806,0.0,1.0
0.8327114,0.16728862,1.0,0.0
0.778471,0.22152904,0.0,1.0
0.28715152,0.7128484,0.0,1.0
0.8959325,0.10406753,1.0,0.0
0.6095097,0.39049023,1.0,0.0
0.32780042,0.67219955,0.0,1.0
0.35344705,0.6465529,0.0,1.0
0.9958609,0.0041391877,1.0,0.0
0.69052416,0.3094758,0.0,1.0
0.97833943,0.021660604,1.0,0.0
0.9977527,0.0022472322,1.0,0.0
0.9846228,0.015377221,1.0,0.0
0.9180361,0.08196393,1.0,0.0
0.26347193,0.7365281,0.0,1.0
0.58562094,0.41437903,0.0,1.0
0.2760682,0.72393185,0.0,1.0
0.8714146,0.1285854,0.0,1.0
0.6528935,0.34710646,0.0,1.0
0.9760181,0.023981893,1.0,0.0
0.97043645,0.029563507,1.0,0.0
0.9997054,0.000294571,1.0,0.0
0.3565357,0.6434643,0.0,1.0
0.78720015,0.21279979,0.0,1.0
0.6233537,0.3766463,0.0,1.0
0.5160906,0.48390946,0.0,1.0
0.6654297,0.33457023,0.0,1.0
0.40072185,0.59927815,0.0,1.0
0.99589926,0.004100706,1.0,0.0
0.5219205,0.47807953,0.0,1.0
0.9455929,0.05440712,1.0,0.0
0.9528557,0.047144346,1.0,0.0
0.5773467,0.42265332,0.0,1.0
0.8591994,0.14080061,0.0,1.0
0.993287,0.0067129917,1.0,0.0
0.99742067,0.0025793223,1.0,0.0
0.93738955,0.06261045,1.0,0.0
0.9469262,0.05307379,1.0,0.0
0.99553937,0.004460568,1.0,0.0
0.927443,0.07255698,1.0,0.0
0.8598167,0.14018334,1.0,0.0
0.84348726,0.1565128,0.0,1.0
0.9904737,0.00952631,1.0,0.0
0.9669495,0.033050474,1.0,0.0
0.878744,0.12125602,1.0,0.0
0.9485234,0.05147662,1.0,0.0
0.90060055,0.09939941,1.0,0.0
0.90794724,0.09205279,1.0,0.0
0.37406605,0.62593395,0.0,1.0
0.99183685,0.0081630945,1.0,0.0
0.5015281,0.49847198,0.0,1.0
0.19207858,0.80792147,0.0,1.0
0.93685204,0.063147925,0.0,1.0
0.739044,0.260956,1.0,0.0
0.43070817,0.5692918,0.0,1.0
0.9546474,0.0453526,1.0,0.0
0.65508837,0.34491163,0.0,1.0
0.90866745,0.09133257,1.0,0.0
0.8468555,0.15314445,1.0,0.0
0.9966917,0.0033082974,1.0,0.0
0.99949443,0.0005055956,1.0,0.0
0.9623189,0.037681095,1.0,0.0
0.723551,0.27644905,1.0,0.0
0.3757229,0.6242771,0.0,1.0
0.96513826,0.03486175,0.0,1.0
0.80187595,0.198124,0.0,1.0
0.16972215,0.8302778,0.0,1.0
0.86085635,0.13914357,0.0,1.0
0.5294137,0.47058633,0.0,1.0
0.9880663,0.011933663,1.0,0.0
0.981048,0.018952016,1.0,0.0
0.22306995,0.7769301,0.0,1.0
0.79425716,0.20574288,1.0,0.0
0.93533427,0.06466576,1.0,0.0
0.98769367,0.012306308,1.0,0.0
0.9905282,0.009471844,1.0,0.0
0.71680063,0.28319937,0.0,1.0
0.7109953,0.28900468,0.0,1.0
0.59007376,0.4099262,0.0,1.0
0.9930924,0.0069075725,1.0,0.0
0.7965218,0.20347823,1.0,0.0
0.95517665,0.04482337,0.0,1.0
0.893063,0.106937006,1.0,0.0
0.42718172,0.5728183,0.0,1.0
0.9579526,0.042047385,1.0,0.0
0.97374344,0.026256556,1.0,0.0
0.86812663,0.13187334,1.0,0.0
0.44798163,0.55201846,0.0,1.0
0.9310449,0.06895515,1.0,0.0
0.43648803,0.56351197,0.0,1.0
0.23895052,0.7610495,0.0,1.0
0.8653688,0.13463126,1.0,0.0
0.9875159,0.012484025,1.0,0.0
0.8190194,0.18098062,0.0,1.0
0.95974183,0.04025817,1.0,0.0
0.3191243,0.68087566,0.0,1.0
0.75315386,0.24684612,1.0,0.0
0.87992996,0.120070055,1.0,0.0
0.74426156,0.2557384,0.0,1.0
0.58493495,0.41506505,0.0,1.0
0.99772555,0.0022744017,1.0,0.0
0.37519392,0.6248061,1.0,0.0
0.5203664,0.47963363,1.0,0.0
0.5342823,0.46571758,0.0,1.0
0.95996016,0.04003987,1.0,0.0
0.8136152,0.18638481,1.0,0.0
0.85880244,0.14119753,1.0,0.0
0.9551125,0.044887442,1.0,0.0
0.9701643,0.029835714,1.0,0.0
0.5577359,0.44226414,1.0,0.0
0.9927423,0.007257726,1.0,0.0
0.94508344,0.05491657,1.0,0.0
0.4497436,0.5502564,0.0,1.0
0.42520142,0.5747986,0.0,1.0
0.98916376,0.010836226,0.0,1.0
0.46911964,0.5308804,0.0,1.0
0.83251554,0.16748445,0.0,1.0
0.44984227,0.5501578,1.0,0.0
0.858562,0.14143807,1.0,0.0
0.55462915,0.44537088,0.0,1.0
0.9595658,0.04043417,1.0,0.0
0.5159599,0.48404008,0.0,1.0
0.93657124,0.063428774,1.0,0.0
0.99289143,0.0071086287,1.0,0.0
0.85971886,0.14028111,1.0,0.0
0.9888109,0.011189078,1.0,0.0
0.4176102,0.5823898,0.0,1.0
0.19463772,0.8053622,0.0,1.0
0.9799141,0.020085892,1.0,0.0
0.9968887,0.0031113105,1.0,0.0
0.91483384,0.08516624,0.0,1.0
0.16953118,0.83046883,0.0,1.0
0.55707127,0.44292864,0.0,1.0
0.79092824,0.20907174,0.0,1.0
0.99421,0.0057900515,1.0,0.0
0.7010618,0.2989382,1.0,0.0
0.9199272,0.08007282,0.0,1.0
0.3413213,0.6586787,0.0,1.0
0.6117411,0.3882589,0.0,1.0
0.8662762,0.13372378,0.0,1.0
0.72126627,0.27873376,0.0,1.0
0.45301375,0.5469863,0.0,1.0
0.15963264,0.84036744,0.0,1.0
0.20362675,0.79637325,0.0,1.0
0.80322593,0.19677405,0.0,1.0
0.8715348,0.12846515,0.0,1.0
0.98783153,0.012168509,1.0,0.0
0.7570338,0.24296615,0.0,1.0
0.79633296,0.203667,1.0,0.0
0.45892644,0.5410736,0.0,1.0
0.94762814,0.0523719,1.0,0.0
0.9716017,0.028398288,1.0,0.0
0.5215148,0.47848526,0.0,1.0
0.30581594,0.69418406,0.0,1.0
0.7119396,0.28806046,0.0,1.0
0.7338092,0.26619077,0.0,1.0
0.9599492,0.040050786,1.0,0.0
0.88039947,0.11960056,1.0,0.0
0.82281756,0.17718239,1.0,0.0
0.19260067,0.80739933,0.0,1.0
0.9665509,0.033449087,1.0,0.0
0.7092893,0.2907107,1.0,0.0
0.97549653,0.024503458,1.0,0.0
0.94947565,0.05052428,1.0,0.0
0.9644255,0.03557447,1.0,0.0
0.98592293,0.014077076,1.0,0.0
0.99777657,0.0022233932,1.0,0.0
0.9140762,0.08592382,1.0,0.0
0.9768605,0.023139536,1.0,0.0
0.89314395,0.10685604,1.0,0.0
0.75383806,0.24616194,1.0,0.0
0.6602374,0.33976254,1.0,0.0
0.9791556,0.020844368,1.0,0.0
0.9876866,0.012313428,1.0,0.0
0.9107703,0.08922975,1.0,0.0
0.8917471,0.10825285,1.0,0.0
0.99792445,0.0020755434,1.0,0.0
0.9254769,0.07452311,0.0,1.0
0.8640826,0.1359174,0.0,1.0
0.51125103,0.48874903,0.0,1.0
0.34948394,0.65051603,0.0,1.0
0.8647067,0.13529333,1.0,0.0
0.996298,0.0037019642,1.0,0.0
0.63872206,0.36127785,0.0,1.0
0.97899914,0.021000836,1.0,0.0
0.98023295,0.019767098,1.0,0.0
0.8803252,0.11967487,1.0,0.0
0.95931387,0.04068613,1.0,0.0
0.723322,0.276678,1.0,0.0
0.9951859,0.004814149,1.0,0.0
0.6147727,0.38522735,1.0,0.0
0.64309806,0.3569019,0.0,1.0
0.64685255,0.35314745,1.0,0.0
0.9684549,0.03154508,1.0,0.0
0.96462315,0.03537682,1.0,0.0
0.99739647,0.0026035344,1.0,0.0
0.2922176,0.7077823,0.0,1.0
0.975972,0.024028046,1.0,0.0
0.6868807,0.31311932,0.0,1.0
0.9500361,0.04996384,1.0,0.0
0.7317716,0.2682284,1.0,0.0
0.42794907,0.57205087,0.0,1.0
0.9996835,0.00031649423,1.0,0.0
0.9371537,0.06284627,0.0,1.0
0.47889903,0.52110094,1.0,0.0
0.8497075,0.15029255,1.0,0.0
0.52085555,0.47914442,0.0,1.0
0.92819357,0.07180643,1.0,0.0
0.29582483,0.7041752,0.0,1.0
0.9015443,0.09845578,1.0,0.0
0.96038604,0.039614018,1.0,0.0
0.8578521,0.14214785,1.0,0.0
0.97578454,0.024215428,1.0,0.0
0.21703008,0.7829699,0.0,1.0
0.98137283,0.018627206,1.0,0.0
0.99937975,0.0006201607,1.0,0.0
0.42134798,0.5786521,0.0,1.0
0.9829722,0.01702778,1.0,0.0
0.14193875,0.8580613,0.0,1.0
0.40638727,0.5936127,0.0,1.0
0.9352351,0.06476496,1.0,0.0
0.38082924,0.6191708,1.0,0.0
0.9803428,0.019657172,1.0,0.0
0.6807202,0.31927976,0.0,1.0
0.3092593,0.6907407,0.0,1.0
0.95372623,0.0462738,1.0,0.0
0.8604207,0.13957933,1.0,0.0
0.7184478,0.2815522,0.0,1.0
0.59728086,0.40271914,1.0,0.0
0.9853666,0.0146333985,1.0,0.0
0.980586,0.019414078,1.0,0.0
0.32555398,0.67444605,0.0,1.0
0.7414626,0.2585374,0.0,1.0
0.87714237,0.122857675,0.0,1.0
0.9183036,0.08169641,1.0,0.0
0.9857598,0.0142402,1.0,0.0
0.9543206,0.04567939,0.0,1.0
0.24490857,0.7550914,0.0,1.0
0.19020104,0.80979896,0.0,1.0
0.49937585,0.5006241,0.0,1.0
0.2797997,0.7202003,0.0,1.0
0.17136951,0.8286305,0.0,1.0
0.76885796,0.231142,0.0,1.0
0.9835776,0.016422331,1.0,0.0
0.8116946,0.1883054,0.0,1.0
0.30754247,0.69245756,0.0,1.0
0.9219826,0.078017436,1.0,0.0
0.9836437,0.016356247,1.0,0.0
0.9951975,0.0048024766,1.0,0.0
0.81977224,0.18022774,1.0,0.0
0.99869233,0.0013076375,1.0,0.0
0.90191394,0.09808603,1.0,0.0
0.98941004,0.010589926,1.0,0.0
0.94099855,0.05900142,1.0,0.0
0.7162292,0.28377086,0.0,1.0
0.30950257,0.69049746,0.0,1.0
0.99876344,0.0012365468,1.0,0.0
0.9681685,0.03183152,1.0,0.0
0.18987082,0.81012917,0.0,1.0
0.5749999,0.42500007,0.0,1.0
0.98388463,0.016115444,1.0,0.0
0.8433942,0.15660582,0.0,1.0
0.87093705,0.12906295,1.0,0.0
0.9591144,0.04088567,1.0,0.0
0.9858262,0.01417386,1.0,0.0
0.84716505,0.15283494,0.0,1.0
0.6668912,0.33310878,1.0,0.0
0.46047804,0.539522,0.0,1.0
0.92874134,0.071258694,1.0,0.0
0.9748505,0.025149506,1.0,0.0
0.46663022,0.53336984,0.0,1.0
0.94907844,0.050921552,0.0,1.0
0.9471499,0.05285015,1.0,0.0
0.7679481,0.2320519,0.0,1.0
0.592541,0.40745902,1.0,0.0
0.4344667,0.5655333,0.0,1.0
0.86134154,0.13865843,1.0,0.0
0.17310381,0.8268962,0.0,1.0
0.34409422,0.6559057,0.0,1.0
0.7365306,0.2634694,0.0,1.0
0.9951859,0.0048141396,1.0,0.0
0.86840975,0.13159028,1.0,0.0
0.6548215,0.34517846,1.0,0.0
0.81930363,0.18069641,0.0,1.0
0.27766755,0.7223324,0.0,1.0
0.98194444,0.018055504,1.0,0.0
0.905379,0.09462099,0.0,1.0
0.8589243,0.1410757,1.0,0.0
0.61453307,0.38546693,0.0,1.0
0.99625635,0.003743697,1.0,0.0
0.9968323,0.0031677284,1.0,0.0
0.970907,0.029093035,1.0,0.0
0.9670292,0.032970786,1.0,0.0
0.55810136,0.44189864,1.0,0.0
0.99892336,0.0010766027,1.0,0.0
0.79558283,0.20441711,1.0,0.0
0.5393297,0.4606703,1.0,0.0
0.69127464,0.3087254,0.0,1.0
0.84506947,0.1549306,0.0,1.0
0.8828436,0.117156394,1.0,0.0
0.54257673,0.45742327,1.0,0.0
0.88796085,0.1120391,1.0,0.0
0.8717639,0.12823611,1.0,0.0
0.9859396,0.014060401,1.0,0.0
0.9931559,0.0068440563,1.0,0.0
0.7935418,0.20645824,0.0,1.0
0.9958994,0.004100589,0.0,1.0
0.9988166,0.0011833655,1.0,0.0
0.7348702,0.26512975,1.0,0.0
0.7770103,0.2229897,1.0,0.0
0.59847003,0.40153006,1.0,0.0
0.9372803,0.06271974,1.0,0.0
0.43401057,0.5659895,0.0,1.0
0.8886403,0.11135966,0.0,1.0
0.46037066,0.53962934,0.0,1.0
0.68419,0.31581008,1.0,0.0
0.9257231,0.07427697,0.0,1.0
0.61743486,0.3825652,0.0,1.0
0.31811574,0.6818843,0.0,1.0
0.99894303,0.001056992,1.0,0.0
0.9190791,0.08092089,0.0,1.0
0.7264453,0.27355465,0.0,1.0
0.9993493,0.0006506515,1.0,0.0
0.9466225,0.05337752,1.0,0.0
0.36695004,0.63304996,0.0,1.0
0.9806755,0.019324513,1.0,0.0
0.92306745,0.07693252,0.0,1.0
0.64274544,0.3572546,1.0,0.0
0.9615548,0.038445175,1.0,0.0
0.33692223,0.66307783,0.0,1.0
0.57918215,0.4208179,0.0,1.0
0.7301783,0.2698217,1.0,0.0
0.90983623,0.09016377,1.0,0.0
0.37712464,0.6228754,0.0,1.0
0.8364525,0.1635475,0.0,1.0
0.94166905,0.058331005,1.0,0.0
0.96344084,0.036559198,1.0,0.0
0.9830828,0.016917214,1.0,0.0
0.97341377,0.02658631,0.0,1.0
0.33677822,0.6632218,0.0,1.0
0.91455096,0.085449,1.0,0.0
0.98162353,0.018376505,1.0,0.0
0.9918793,0.008120636,1.0,0.0
0.95882255,0.04117745,1.0,0.0
0.994134,0.0058660507,1.0,0.0
0.8934412,0.10655883,1.0,0.0
0.9946977,0.0053022644,1.0,0.0
0.9973972,0.0026027865,1.0,0.0
0.57528466,0.42471534,1.0,0.0
0.95826566,0.04173429,1.0,0.0
0.901894,0.09810603,1.0,0.0
0.9582808,0.041719202,0.0,1.0
0.25723895,0.742761,0.0,1.0
0.91394174,0.08605829,1.0,0.0
0.6934249,0.30657515,0.0,1.0
0.9972874,0.0027126032,1.0,0.0
0.19912617,0.8008738,0.0,1.0
0.7520291,0.2479709,1.0,0.0
0.8551401,0.14485988,1.0,0.0
0.38229316,0.61770684,1.0,0.0
0.52312523,0.47687483,1.0,0.0
0.990148,0.009852011,1.0,0.0
0.3348046,0.6651954,0.0,1.0
0.9655606,0.03443942,1.0,0.0
0.9794033,0.020596696,1.0,0.0
0.9865485,0.013451483,1.0,0.0
0.97406524,0.025934763,1.0,0.0
0.812449,0.187551,1.0,0.0
0.9968029,0.0031970476,0.0,1.0
0.8224608,0.17753923,1.0,0.0
0.59740365,0.4025964,0.0,1.0
0.6506326,0.34936738,1.0,0.0
0.9972451,0.0027549304,1.0,0.0
0.503618,0.49638206,0.0,1.0
0.99318105,0.0068189017,1.0,0.0
0.9821792,0.017820748,1.0,0.0
0.79662156,0.20337842,1.0,0.0
0.99634784,0.003652145,1.0,0.0
0.817601,0.18239892,1.0,0.0
0.33165482,0.66834515,0.0,1.0
0.81475496,0.18524499,1.0,0.0
0.9994821,0.00051796966,1.0,0.0
0.9314444,0.06855558,1.0,0.0
0.3755359,0.62446415,0.0,1.0
0.41547546,0.5845246,0.0,1.0
0.19954413,0.80045587,0.0,1.0
0.9846027,0.01539729,1.0,0.0
0.82952255,0.17047745,1.0,0.0
0.97447646,0.025523577,1.0,0.0
0.983364,0.01663598,1.0,0.0
0.9836811,0.016318928,1.0,0.0
0.99284816,0.0071518305,1.0,0.0
0.45133418,0.54866576,0.0,1.0
0.99834955,0.0016505215,1.0,0.0
0.81702864,0.1829714,0.0,1.0
0.9864633,0.013536623,1.0,0.0
0.8418323,0.15816769,1.0,0.0
0.9204256,0.07957442,1.0,0.0
0.5724932,0.42750677,1.0,0.0
0.81880337,0.1811966,1.0,0.0
0.99626476,0.0037351982,1.0,0.0
0.9806999,0.01930006,1.0,0.0
0.9633762,0.036623746,1.0,0.0
0.7712596,0.22874036,1.0,0.0
0.31017968,0.68982035,1.0,0.0
0.23773924,0.76226074,0.0,1.0
0.9682558,0.031744216,1.0,0.0
0.99642795,0.0035720277,1.0,0.0
0.9989524,0.0010475462,1.0,0.0
0.3502328,0.64976716,0.0,1.0
0.6528183,0.34718177,0.0,1.0
0.87017995,0.12982003,0.0,1.0
0.99733186,0.0026682105,1.0,0.0
0.9983779,0.0016220215,1.0,0.0
0.9702903,0.02970973,1.0,0.0
0.21051617,0.7894838,0.0,1.0
0.8235161,0.17648396,1.0,0.0
0.67801505,0.32198492,0.0,1.0
0.70516735,0.29483268,0.0,1.0
0.9860411,0.013958873,1.0,0.0
0.9990557,0.00094428565,1.0,0.0
0.9847055,0.015294487,1.0,0.0
0.8142296,0.18577033,0.0,1.0
0.8376759,0.16232407,1.0,0.0
0.98122656,0.018773476,1.0,0.0
0.999603,0.00039704223,1.0,0.0
0.85301924,0.14698075,1.0,0.0
0.9979157,0.0020843004,1.0,0.0
0.4619981,0.53800195,0.0,1.0
0.67766684,0.3223332,0.0,1.0
0.97994584,0.020054163,1.0,0.0
0.4749341,0.52506596,0.0,1.0
0.93632,0.063679956,1.0,0.0
0.8082099,0.19179009,1.0,0.0
0.9660097,0.033990305,0.0,1.0
0.38777298,0.612227,0.0,1.0
0.9642927,0.035707314,1.0,0.0
0.9987576,0.00124237,1.0,0.0
0.99084705,0.009153033,1.0,0.0
0.80912054,0.19087945,1.0,0.0
0.9940791,0.005920912,1.0,0.0
0.8218923,0.17810768,1.0,0.0
0.52960616,0.4703939,0.0,1.0
0.3815043,0.6184957,0.0,1.0
0.26530993,0.73469007,0.0,1.0
0.14313024,0.8568698,0.0,1.0
0.58815163,0.41184837,1.0,0.0
0.89927876,0.100721285,1.0,0.0
0.79530716,0.20469283,1.0,0.0
0.7194798,0.28052023,0.0,1.0
0.9814532,0.018546838,1.0,0.0
0.45574006,0.54425997,0.0,1.0
0.9774091,0.022590907,1.0,0.0
0.60233945,0.39766055,0.0,1.0
0.97772866,0.022271322,1.0,0.0
0.3517439,0.64825606,0.0,1.0
0.9255916,0.07440837,1.0,0.0
0.8721281,0.12787184,0.0,1.0
0.95355475,0.046445295,1.0,0.0
0.969075,0.030925035,1.0,0.0
0.25855026,0.7414497,0.0,1.0
0.9931901,0.0068098465,1.0,0.0
0.21955633,0.78044367,0.0,1.0
0.52004933,0.47995067,0.0,1.0
0.9984106,0.0015893779,1.0,0.0
0.74776065,0.25223932,0.0,1.0
0.97034305,0.029656956,1.0,0.0
0.69672006,0.30327994,0.0,1.0
0.24327095,0.75672907,0.0,1.0
0.99827576,0.0017242498,1.0,0.0
0.63592136,0.36407858,0.0,1.0
0.8730382,0.12696184,0.0,1.0
0.6213621,0.37863797,1.0,0.0
0.94616574,0.053834293,1.0,0.0
0.8564677,0.14353234,1.0,0.0
0.9412205,0.058779486,1.0,0.0
0.999587,0.00041301423,1.0,0.0
0.99925023,0.0007497222,1.0,0.0
0.67139024,0.3286098,0.0,1.0
0.47001785,0.5299822,0.0,1.0
0.66700804,0.33299193,0.0,1.0
0.96700144,0.03299856,1.0,0.0
0.9486687,0.051331248,1.0,0.0
0.7258283,0.2741717,1.0,0.0
0.27470574,0.72529423,0.0,1.0
0.97418773,0.025812203,1.0,0.0
0.9471095,0.052890453,1.0,0.0
0.8127462,0.18725383,1.0,0.0
0.9860408,0.013959162,1.0,0.0
0.19412634,0.80587363,0.0,1.0
0.85748756,0.14251241,1.0,0.0
0.9230128,0.07698719,1.0,0.0
0.8779152,0.122084804,1.0,0.0
0.9757396,0.024260368,1.0,0.0
0.70997083,0.29002917,0.0,1.0
0.2771168,0.72288316,1.0,0.0
0.9889397,0.011060251,1.0,0.0
