qcd_prediction,hbb_prediction,truth_hbb_label,truth_qcd_label,Mass,Momentum_pt
10.641286,-10.709173,0,1,1.4111468,1067.3018
15.979125,-16.053358,0,1,3.423921,541.6333
5.500365,-5.5576835,0,1,5.0677238,800.68677
8.864047,-8.9629135,0,1,71.29123,730.1776
2.9602308,-3.0077245,0,1,2.6973983e-06,444.0551
4.9690123,-4.994251,0,1,44.55348,3463.9763
7.0132604,-7.056095,0,1,6.7783084,284.10333
3.657814,-3.681829,0,1,91.67229,220.48912
11.631064,-11.66832,0,1,2.8465414,3118.3152
6.856409,-6.8769803,0,1,24.341637,552.05664
1.264792,-1.2700431,0,1,1.3001314,503.69745
19.448544,-19.489603,0,1,1.8045324,977.6549
7.3479443,-7.408098,0,1,8.783003,330.21875
10.067693,-10.134994,0,1,0.8643344,1278.9379
1.6974299,-1.7217128,0,1,127.52347,3179.0542
25.820961,-25.897537,0,1,10.198263,333.28412
8.870862,-8.915327,0,1,5.247384,526.4644
-2.726904,2.7554638,1,0,101.80172,1150.3087
11.124387,-11.144346,0,1,9.021486,331.6406
-3.4137506,3.4509854,1,0,123.21093,1384.1125
22.555973,-22.679594,0,1,1.9033241,1183.5242
-0.30187362,0.28609997,0,1,284.84085,2554.8152
1.109362,-1.1314207,0,1,506.28452,2470.6006
16.719353,-16.878628,0,1,10.441974,1425.4995
24.9856,-25.030815,0,1,4.657215,333.73535
-0.33345777,0.3075542,1,0,98.89424,993.4192
10.37229,-10.391207,0,1,2.370144,578.7949
1.2950708,-1.3245343,0,1,450.11124,1644.8212
4.5552316,-4.569078,0,1,1.2515997,948.44293
14.490588,-14.593463,0,1,8.591135,413.15015
0.23946172,-0.24382344,0,1,65.070145,2277.2964
0.0567147,-0.06883484,1,0,128.13948,441.49426
12.13374,-12.205396,0,1,15.941051,1135.7905
2.415372,-2.4521935,0,1,91.787544,3183.4944
-3.2653508,3.300657,1,0,131.66048,1997.9971
17.235802,-17.316635,0,1,71.612404,502.53992
1.0483885,-1.0709431,0,1,5.5988564,1560.2762
9.121523,-9.178467,0,1,15.796669,281.43698
9.871947,-9.8750515,0,1,7.360062,464.06537
1.5605876,-1.5849568,0,1,1.0952326,1195.2284
-2.023821,2.0452006,1,0,98.489914,718.63324
7.6282287,-7.627643,0,1,19.423674,282.14478
6.8548965,-6.8240833,0,1,31.396837,520.1649
-2.498887,2.5256448,1,0,116.4453,713.6831
-1.7481666,1.768594,0,1,69.98747,470.13693
19.221596,-19.251808,0,1,6.9782176,1452.0159
5.9486914,-5.976455,0,1,7.81491,1741.1112
1.5637884,-1.6082569,0,1,190.793,412.4333
-2.7627816,2.7917178,1,0,119.24184,1561.3071
18.322666,-18.303661,0,1,4.185119,302.6442
9.561218,-9.55911,0,1,6.7549944,527.1916
4.805332,-4.79312,0,1,2.7649431,901.1089
7.4419093,-7.484292,0,1,30.485989,259.9137
16.038162,-16.113047,0,1,49.610542,678.7776
15.021918,-15.161491,0,1,8.525288,661.74133
25.353119,-25.527126,0,1,3.3293552,734.45074
19.651985,-19.598337,0,1,2.9663243,517.0539
4.9833965,-5.0405846,0,1,2.5124073,1102.4657
13.8932705,-13.965378,0,1,1.6293334,1751.6152
15.750331,-15.815914,0,1,5.87273,288.02292
1.1658556,-1.1778929,1,0,97.373634,946.4049
7.49257,-7.5544357,0,1,643.0498,1814.1136
0.26014873,-0.26740167,1,0,97.27715,1384.6119
0.55072105,-0.5717852,0,1,160.35275,608.137
-2.3229907,2.3477726,1,0,118.96005,1228.41
6.4856806,-6.5032716,0,1,2.454009,243.00992
0.98999524,-1.0150708,1,0,95.954956,1443.3507
2.8101113,-2.832229,0,1,86.15587,2440.0854
20.436897,-20.498228,0,1,5.372446,547.0984
18.71238,-18.80447,0,1,2.6472535,2075.403
2.6006432,-2.6469347,0,1,165.14807,1499.2267
-2.8155725,2.8450615,0,1,104.04164,2578.4438
14.492397,-14.561052,0,1,15.294228,295.34036
4.609037,-4.640309,0,1,8.275087,1349.8126
9.977706,-10.040684,0,1,4.6203365,749.5697
12.678416,-12.691075,0,1,4.561091,388.78452
1.5432296,-1.580275,0,1,140.68506,307.95624
9.099608,-9.091168,0,1,4.71204,862.07715
5.7989564,-5.8046446,0,1,5.8356667,620.8177
8.622649,-8.721825,0,1,103.36626,2922.5066
7.703186,-7.766558,0,1,42.93322,504.8459
3.069324,-3.1138318,1,0,551.432,1364.3829
9.600905,-9.642591,0,1,43.22739,858.97845
0.40143275,-0.4175639,1,0,105.15149,430.55063
2.8015904,-2.8468962,0,1,159.90944,411.96066
-0.92966485,0.9220998,1,0,122.23595,431.67706
1.769116,-1.7838907,0,1,52.118847,3084.7217
7.6896763,-7.7199492,0,1,21.262358,1010.1521
6.9987745,-7.054984,0,1,25.013412,375.2006
-1.2050233,1.194714,1,0,96.65374,786.1677
-2.7575853,2.7863462,1,0,91.77525,653.28064
-2.6469684,2.6748283,1,0,112.19012,703.34796
13.196258,-13.269759,0,1,46.37197,437.87875
7.3772936,-7.4215875,0,1,21.170095,1391.3121
6.7474484,-6.7726517,0,1,26.89623,705.5887
13.575349,-13.656164,0,1,10.725883,303.23038
2.0127542,-2.0368285,0,1,5.4686236,581.2994
1.7685909,-1.786006,0,1,64.5669,2434.305
3.73007,-3.7620857,0,1,81.60055,553.4943
-2.2601235,2.2848566,0,1,386.34296,2370.081
10.767383,-10.839958,0,1,5.4781137,1849.6075
3.3422465,-3.3800027,0,1,7.2751656,546.4918
14.949007,-14.919479,0,1,24.515228,408.5469
4.930532,-4.943815,0,1,18.190233,1842.5753
0.07562035,-0.099600255,1,0,124.40043,413.54434
0.75635767,-0.77698517,0,1,482.31662,1859.982
12.8533325,-12.8977995,0,1,59.47809,412.02887
-0.14243501,0.13793622,0,1,221.02386,730.81683
32.852848,-32.87333,0,1,10.463423,301.91815
-2.3153381,2.34073,0,1,15.254288,578.0508
2.8808346,-2.9333017,0,1,574.8095,2048.5388
4.8434377,-4.817801,0,1,42.746784,1440.6868
21.255535,-21.294128,0,1,49.05598,285.1105
-2.2845469,2.3076365,0,1,201.06299,2391.5447
3.909638,-3.9424083,0,1,76.91254,690.9741
19.580757,-19.61286,0,1,6.2140827,204.42831
1.8692956,-1.8960416,0,1,11.161843,1533.0681
9.910399,-9.951137,0,1,9.114132,1058.7806
2.0496016,-2.088785,0,1,222.95676,722.43304
2.7410562,-2.774473,0,1,43.0451,832.0734
-1.2950592,1.3056545,1,0,291.5164,1454.0571
0.52472585,-0.54616547,0,1,295.65536,3065.3152
15.770012,-15.832838,0,1,6.4603114,299.04684
-1.4664888,1.4811325,1,0,111.001335,242.17458
-2.7247317,2.753269,1,0,134.06403,1182.1544
0.2715965,-0.2790018,0,1,93.90768,756.8647
32.067974,-32.16242,0,1,5.618559,476.05817
2.3140702,-2.3447325,0,1,110.59248,578.06836
13.434678,-13.482461,0,1,2.7720954,309.8777
4.450806,-4.4688683,0,1,50.907494,3739.0166
2.9496639,-2.9605744,1,0,120.28666,1155.1302
12.7007475,-12.760298,0,1,11.976014,869.61035
2.7396755,-2.7847202,0,1,80.12684,2325.0012
21.35014,-21.429695,0,1,22.109224,380.3039
3.9983692,-3.9979951,0,1,90.79447,270.10602
6.4948063,-6.559877,0,1,73.53378,1092.9618
3.432856,-3.4821312,1,0,115.78056,1114.2767
3.3540676,-3.3669045,0,1,65.25729,447.14902
-1.2398949,1.249119,0,1,128.43454,598.55365
5.7241893,-5.801119,0,1,474.24387,1302.7877
2.0399933,-2.0736952,0,1,312.76553,1042.1937
9.134698,-9.176224,0,1,12.405317,952.5613
12.044363,-12.047842,0,1,11.315053,483.9293
-1.9864712,2.0085065,1,0,121.478645,1143.1698
-2.750054,2.7766285,1,0,119.98516,470.15784
0.82551694,-0.85002136,0,1,224.72627,1486.7877
-2.3605995,2.3863282,1,0,104.60983,469.2472
31.975304,-32.0604,0,1,4.110471,361.58926
3.2152674,-3.2174072,0,1,72.98965,231.72673
2.122723,-2.1505544,0,1,72.412735,243.27687
-2.1079938,2.1318429,0,1,2.204292,1006.2498
9.397426,-9.431463,0,1,14.487412,613.16425
10.762276,-10.747112,0,1,12.111381,430.04053
9.113549,-9.210096,0,1,57.3194,1173.4729
15.391374,-15.436101,0,1,1.9581763,235.72011
8.656077,-8.6312895,0,1,27.2779,316.14398
3.641337,-3.6407158,0,1,29.233393,2267.3313
1.8830051,-1.9070206,0,1,84.08035,887.9625
11.543525,-11.585307,0,1,19.379072,278.7844
0.45534337,-0.4676511,1,0,131.62126,439.181
1.6002948,-1.6260009,0,1,163.04303,566.8032
6.8669415,-6.920035,0,1,62.961235,3179.3647
-1.8939586,1.9160457,0,1,145.47974,861.17456
0.36591053,-0.38189265,1,0,7.028952,920.8463
19.469223,-19.53804,0,1,25.598255,619.82086
7.788025,-7.780211,0,1,17.930542,456.05865
14.240841,-14.355211,0,1,24.47673,249.14297
8.655584,-8.726341,0,1,66.419624,276.18732
14.222825,-14.261832,0,1,26.569897,2706.5884
-1.9708207,1.993649,0,1,39.823357,790.01227
-0.10608657,0.08902167,1,0,115.8343,387.17316
21.819054,-21.95163,0,1,2.3678565,355.01126
9.987962,-9.958757,0,1,0.1446489,716.5383
9.476668,-9.521834,0,1,14.39149,1113.8752
19.57552,-19.582943,0,1,4.201604,340.1345
19.405907,-19.438995,0,1,18.131058,438.57425
0.6209761,-0.65038025,0,1,236.966,1561.3693
2.734923,-2.740562,0,1,16.304314,536.9435
3.9510727,-3.9638479,0,1,4.768589,1390.1855
9.078279,-9.1152935,0,1,4.477437,501.27884
1.3494265,-1.3790933,1,0,135.36398,1468.3579
13.158359,-13.217136,0,1,11.181534,316.91983
0.8136101,-0.8290653,0,1,193.09279,1262.3154
10.820228,-10.886897,0,1,74.12559,1036.6278
0.9304887,-0.94634056,0,1,47.837444,650.2212
15.90577,-16.068817,0,1,177.55194,526.9667
13.587884,-13.577869,0,1,2.713193,418.65747
-2.1929216,2.2162888,1,0,96.22584,672.82275
1.5469708,-1.5720977,0,1,168.52379,509.98663
11.892543,-11.979163,0,1,4.07114,439.99454
0.6940484,-0.7010287,0,1,112.1773,517.33636
3.760955,-3.806606,0,1,22.308304,869.80756
-2.5560055,2.583118,0,1,196.47481,2947.2485
7.2267876,-7.2045913,0,1,56.031075,208.33311
4.7760715,-4.8263564,0,1,32.245842,3465.1917
3.075801,-3.1122155,0,1,103.43321,826.71686
1.3823633,-1.4196031,0,1,127.314,914.532
5.075344,-5.0958467,0,1,35.254814,1200.7416
15.818163,-15.82877,0,1,34.35009,365.93042
11.763276,-11.791798,0,1,85.891106,299.31396
9.503606,-9.553872,0,1,11.857873,490.9518
6.3996453,-6.4312687,0,1,3.703614,1707.2225
12.591237,-12.633014,0,1,15.855189,948.08026
7.2624636,-7.2341237,0,1,4.4176373,419.0728
0.4796449,-0.49471936,0,1,108.94545,979.872
1.5106905,-1.5375832,0,1,239.25616,930.6166
16.260906,-16.302387,0,1,7.3197937,310.97214
7.613532,-7.6574736,0,1,69.7271,227.8725
22.64085,-22.689215,0,1,19.17905,964.1494
19.87212,-20.008032,0,1,31.227049,936.54645
-2.2122033,2.2358975,1,0,110.24479,1336.4586
5.020035,-5.055384,0,1,20.403872,1518.3652
9.145831,-9.226306,0,1,48.21784,538.2992
-2.2077258,2.2290773,1,0,10.323962,1225.7552
7.104675,-7.149554,0,1,32.949215,227.81192
8.087054,-8.094515,0,1,11.482687,879.0271
-2.7474163,2.776191,1,0,96.18475,623.7776
20.570084,-20.650036,0,1,7.828042,1411.4642
26.161186,-26.121014,0,1,7.600192,718.5349
3.868835,-3.9287784,0,1,95.15479,337.1386
14.931457,-14.960175,0,1,30.525608,578.3315
17.18898,-17.23433,0,1,5.6265054,1891.5792
2.5858917,-2.6101487,0,1,20.053902,1286.5194
7.818408,-7.858249,0,1,24.5901,260.98685
-0.22983414,0.21725713,0,1,236.16292,731.9177
10.766054,-10.724348,0,1,10.527161,829.5787
26.870075,-26.90905,0,1,1.6923226,213.8821
8.736026,-8.790233,0,1,27.647112,410.57703
16.894356,-16.962181,0,1,12.602998,292.64926
0.8281584,-0.8511343,0,1,41.472576,2372.6567
11.401269,-11.467026,0,1,19.915688,303.30316
0.33808386,-0.35606024,0,1,108.993774,2569.7666
8.996589,-9.005095,0,1,9.846873,378.24936
1.1411338,-1.168253,0,1,172.72977,719.3593
0.42063248,-0.4381245,1,0,6.7580237,916.9657
29.575684,-29.633862,0,1,1.2079823,274.18378
6.8665147,-6.882807,0,1,41.30432,486.14645
13.664321,-13.767696,0,1,66.89749,437.46783
14.002806,-14.052974,0,1,17.162155,245.97539
12.852355,-12.920956,0,1,17.541485,329.54388
10.035115,-10.104176,0,1,55.426517,674.8667
9.262678,-9.329155,0,1,12.836092,484.68173
5.0879574,-5.127142,0,1,57.087257,914.6343
27.716217,-27.834202,0,1,24.450481,1097.4858
1.3500092,-1.3794402,0,1,318.97842,3608.5068
7.0382023,-6.9977517,0,1,23.694717,496.79428
14.809516,-14.826238,0,1,5.570417,456.81735
17.614967,-17.686234,0,1,57.86736,344.0818
13.384066,-13.450853,0,1,4.6463065,571.07935
1.3098903,-1.3374557,0,1,86.79502,999.4436
6.6301837,-6.6995864,0,1,146.10771,3510.3555
8.7874,-8.861317,0,1,52.739056,3487.2673
-3.0728045,3.1011949,0,1,-3.0517578e-05,2527.5164
6.8931503,-6.9076858,0,1,15.917635,717.21423
1.8329215,-1.8635778,0,1,130.54358,817.02686
0.123001635,-0.13786325,0,1,45.83251,783.9628
9.644998,-9.7217,0,1,70.84395,299.30716
-2.0835967,2.1071742,0,1,10.646556,753.01996
3.7459052,-3.7958238,0,1,19.284369,1561.4463
9.757629,-9.774469,0,1,19.060747,340.25662
10.944583,-10.979765,0,1,6.8998938,636.1421
0.80947036,-0.8136636,0,1,168.4956,595.77747
21.89579,-21.95551,0,1,5.9899,221.9294
13.19053,-13.212517,0,1,26.77206,336.92062
12.6798,-12.651719,0,1,1.1618845,1441.6483
10.733106,-10.809164,0,1,12.255962,509.0811
-2.2781513,2.3021429,1,0,110.86566,492.89676
13.210659,-13.227901,0,1,8.116449,916.74036
-1.7810808,1.8009126,1,0,138.7389,754.8229
2.2705364,-2.286987,0,1,8.529195,2924.8672
1.2276478,-1.2261518,1,0,76.946304,757.5917
11.688561,-11.761714,0,1,14.113224,577.8144
5.658721,-5.6711807,0,1,10.103314,828.3757
9.552965,-9.541073,0,1,1.6323589,721.94165
8.167924,-8.248495,0,1,76.284744,614.62646
2.289883,-2.3145685,1,0,93.47644,710.98315
25.648918,-25.733608,0,1,17.78364,296.39032
15.354167,-15.479396,0,1,4.368065,424.35162
0.798509,-0.8255255,0,1,99.19829,347.1873
4.44862,-4.465737,0,1,119.28467,320.33423
25.228481,-25.33546,0,1,2.5024312,516.763
3.6921942,-3.7128987,0,1,4.159511,353.9156
14.862495,-14.935015,0,1,3.0290806,357.07065
4.586129,-4.560016,0,1,16.792046,1357.3896
5.1913347,-5.251298,0,1,9.980088,3586.9924
6.8375483,-6.858023,0,1,91.47525,228.70053
9.073106,-9.141481,0,1,32.00947,2262.0137
14.08679,-14.170012,0,1,8.102286,290.89587
15.254121,-15.298121,0,1,27.524956,2160.9104
3.0837793,-3.0969894,0,1,61.836014,331.93506
13.02658,-13.07247,0,1,5.7450986,627.2627
2.5939865,-2.6246743,0,1,120.50051,525.1919
-2.1284697,2.1482275,0,1,169.11588,522.22235
4.449979,-4.4614806,0,1,137.46602,1717.1252
5.3058567,-5.2908826,0,1,51.341305,480.058
-0.2648911,0.24508548,1,0,110.10299,668.2076
2.124063,-2.1260545,1,0,59.87213,238.053
-2.3207421,2.346135,1,0,112.189804,982.3392
-0.3999123,0.3752256,0,1,191.89163,546.53876
12.197913,-12.221461,0,1,18.02678,1510.2355
-1.909655,1.930825,0,1,158.07632,1119.9576
4.955141,-4.943929,0,1,8.109231,336.7956
6.6211777,-6.6411448,0,1,46.093445,508.75714
9.001937,-9.0466175,0,1,24.907845,227.01895
5.2404337,-5.3103466,0,1,148.35562,1073.9021
2.2817967,-2.3163064,0,1,389.1981,1120.6167
17.152561,-17.16428,0,1,2.0796394,391.55066
4.1712146,-4.2260704,0,1,364.8992,2287.5198
1.8992488,-1.9183099,0,1,69.0653,422.09567
-2.8105211,2.8394783,0,1,280.31622,975.4042
7.2800756,-7.3696976,0,1,1.2172531,2473.2861
11.417683,-11.511803,0,1,94.65432,776.58594
9.614327,-9.663437,0,1,109.84787,328.91263
5.9427004,-5.965988,0,1,76.45981,883.51215
4.276063,-4.2721887,0,1,69.326935,3819.038
16.573853,-16.5855,0,1,3.7451901,681.6845
9.904834,-9.928835,0,1,15.127683,271.68677
-1.0789535,1.0798814,1,0,97.19054,973.2751
26.12437,-26.19785,0,1,3.3698232,388.29034
1.2838964,-1.3114479,0,1,116.93739,317.1149
4.5105715,-4.492842,0,1,86.38804,242.38716
1.1337184,-1.1451392,0,1,140.77353,703.18994
-2.3596916,2.380822,1,0,277.1338,996.15784
17.615444,-17.690834,0,1,31.619148,259.48236
0.45436454,-0.47506276,0,1,146.8516,791.2069
16.271404,-16.292246,0,1,4.4235578,244.35071
-2.4770088,2.5036037,0,1,121.73055,387.78748
0.6419852,-0.65700626,1,0,98.75579,1003.6761
15.048918,-15.152805,0,1,135.88614,283.9501
1.0351946,-1.0437179,1,0,90.969574,548.74274
2.483564,-2.4986498,0,1,22.104984,1747.1805
2.7173405,-2.7676551,0,1,1122.7646,2985.22
13.429072,-13.464244,0,1,9.492928,580.0591
9.556479,-9.606997,0,1,4.427684,347.63672
10.049565,-10.068619,0,1,28.824821,263.71738
5.869463,-5.8372145,0,1,20.57345,1990.8165
6.4931397,-6.5471215,0,1,93.17466,271.61703
9.069451,-9.161407,0,1,13.671545,961.5372
-0.09050217,0.08721648,1,0,69.36173,1231.8948
15.071582,-15.101025,0,1,4.9472404,273.45334
-1.9237194,1.9370898,0,1,166.97739,1825.0371
10.1686125,-10.250195,0,1,33.106106,563.9907
11.598201,-11.666184,0,1,5.011099,360.91162
1.0977671,-1.1157153,1,0,33.6965,1384.6777
9.80557,-9.851851,0,1,24.85838,2621.1929
20.67041,-20.729895,0,1,7.4753785,507.90268
-0.17711934,0.16326478,0,1,142.1099,343.68222
15.783175,-15.926319,0,1,5.8604193,490.37982
18.392204,-18.41148,0,1,6.8671412,395.75113
-1.7132585,1.7301266,1,0,138.52533,498.34793
-2.3900316,2.4159794,1,0,108.585815,759.36475
2.2333457,-2.2589877,0,1,23.50868,635.6018
1.8630881,-1.8500626,0,1,51.055923,2431.6592
2.362162,-2.3884711,0,1,46.31439,1566.1213
5.3591375,-5.417194,0,1,27.177181,2633.5737
13.617146,-13.715894,0,1,8.688308,471.3412
3.843194,-3.8711083,0,1,75.95957,353.7488
4.65812,-4.713996,0,1,34.346962,489.17725
-1.8613809,1.8742752,0,1,172.26775,1379.6654
-3.495302,3.533633,1,0,124.94585,1423.455
5.522728,-5.599301,0,1,937.81287,3624.6396
0.028222382,-0.034894854,0,1,66.72188,723.374
4.2541866,-4.279644,0,1,85.18023,619.3631
8.653931,-8.698986,0,1,19.383957,2370.8384
2.081143,-2.1250865,1,0,114.75938,444.62997
2.9894028,-3.0424063,0,1,37.0927,1872.5836
15.281667,-15.328433,0,1,6.707743,332.10187
-2.5294285,2.5564137,1,0,127.91344,457.14432
9.907884,-9.964596,0,1,27.818092,907.6456
4.8826766,-4.9518247,0,1,34.29877,391.4923
26.83989,-26.967285,0,1,17.925093,654.1362
8.500314,-8.502533,0,1,1.6315176,303.20337
8.322312,-8.377581,0,1,31.278698,205.64606
10.408114,-10.437682,0,1,2.4159515,321.9085
3.151531,-3.1686037,0,1,5.0928555,1400.7804
3.9798298,-4.0396214,0,1,223.8109,568.1556
22.976051,-23.046232,0,1,34.58424,593.8061
-0.08894052,0.07701537,1,0,128.63278,424.89026
13.364354,-13.418686,0,1,69.14877,222.03568
27.321625,-27.357517,0,1,3.517099,679.4744
4.971671,-4.978706,0,1,46.531487,1028.5635
14.582431,-14.623098,0,1,3.726349,511.2562
14.776759,-14.860872,0,1,2.5626981,516.1187
5.9476857,-5.9556284,0,1,13.619077,839.1109
13.342618,-13.456024,0,1,11.454676,667.18866
13.281983,-13.316533,0,1,43.237717,217.28522
4.694865,-4.7446904,0,1,111.26884,2969.6418
11.228169,-11.248605,0,1,21.0215,236.12198
5.485987,-5.5580883,0,1,119.5603,1686.2749
1.3560538,-1.3711538,0,1,2.5832407,604.84204
-2.4304578,2.4567065,1,0,120.10817,1374.3672
0.25377694,-0.27208158,1,0,111.49787,351.36008
6.454109,-6.4820247,0,1,3.9540257,894.51306
-3.535477,3.5743754,1,0,107.15634,1925.0571
6.534176,-6.604354,0,1,67.03624,528.04315
9.2979765,-9.307977,0,1,64.92838,739.1752
1.9539666,-1.9867322,0,1,361.6848,1431.8994
21.332489,-21.382702,0,1,9.063669,250.58955
17.025875,-16.989668,0,1,21.860216,511.05807
9.513074,-9.562963,0,1,39.77396,222.09999
8.260743,-8.296379,0,1,3.7992918,1142.5103
5.621222,-5.694202,0,1,35.62318,427.2889
8.510335,-8.542552,0,1,37.693825,662.4054
7.383888,-7.4147487,0,1,64.63506,440.16556
-1.4147027,1.4275544,1,0,119.559715,296.26422
20.372715,-20.50088,0,1,15.877566,518.84045
10.570285,-10.61661,0,1,22.741625,378.44504
-2.9419131,2.973016,1,0,124.93337,878.45404
7.3613515,-7.3989863,0,1,100.18135,1119.371
6.3938847,-6.3671017,0,1,1.90848,1011.5403
5.582349,-5.6619325,0,1,0.81558233,403.98755
4.814126,-4.878989,0,1,993.77057,2666.1077
16.241837,-16.23943,0,1,9.103771,315.79776
2.4735155,-2.4866948,0,1,52.022095,503.0855
11.628443,-11.683985,0,1,11.159076,311.34015
9.011544,-9.0907,0,1,35.99511,399.14865
-2.7192843,2.7476182,1,0,107.19269,1875.2238
29.330662,-29.45111,0,1,21.120953,301.3568
15.019704,-15.090965,0,1,4.5906606,776.0124
0.31338271,-0.33585653,1,0,137.54015,468.40717
2.4275234,-2.4118214,0,1,9.680699,3123.2993
17.656605,-17.65762,0,1,15.020916,1338.4585
5.050752,-5.098203,0,1,75.27487,1221.2
30.108734,-30.121696,0,1,1.4622309,275.60245
6.234845,-6.2581277,0,1,5.3126473,968.00336
31.57726,-31.597307,0,1,6.5710454,622.29425
16.177277,-16.254623,0,1,44.35651,246.20103
8.31129,-8.301962,0,1,6.5975485,686.2596
0.0021985471,-0.015104592,0,1,57.926582,451.49133
9.421811,-9.489992,0,1,41.292645,508.3771
20.929344,-21.112476,0,1,113.237434,3388.5132
8.799232,-8.809977,0,1,34.991756,338.4771
21.433765,-21.45552,0,1,4.0866966,291.04706
6.8595695,-6.903657,0,1,24.715786,845.281
0.89293706,-0.9141408,1,0,126.681595,679.939
-1.57352,1.5731049,1,0,106.66167,1001.937
3.956946,-3.995238,0,1,43.268417,719.36176
12.563973,-12.657348,0,1,1.6694762,669.43567
20.778324,-20.788586,0,1,4.6141286,732.55444
4.5352764,-4.5987697,0,1,85.20438,360.3895
-2.9266205,2.9575248,1,0,110.74796,1037.6045
23.302715,-23.392513,0,1,2.022222,459.21417
-2.294165,2.319399,1,0,118.03492,752.9701
32.364513,-32.498253,0,1,0.9388921,294.1102
13.206576,-13.263916,0,1,1.6347685,316.95004
15.238677,-15.296617,0,1,3.2608306,458.7416
5.9855475,-6.0052056,0,1,19.040417,440.8202
-2.4546213,2.4810495,1,0,116.22603,710.6035
5.4480424,-5.5135713,0,1,50.052105,1743.9409
17.501472,-17.542336,0,1,1.4841408,1124.9796
4.112675,-4.1430163,0,1,16.228466,1392.7279
14.521323,-14.574407,0,1,2.970406,235.05138
6.362265,-6.403565,0,1,19.193338,204.54291
12.482946,-12.569823,0,1,30.209099,277.01257
4.900275,-4.930279,0,1,2.687428,1742.6993
8.599496,-8.678335,0,1,0.93236256,1525.937
7.6611776,-7.7321825,0,1,52.12398,628.41595
11.237485,-11.289795,0,1,15.4515505,484.1827
24.422112,-24.467728,0,1,0.70213515,484.5111
11.672785,-11.687225,0,1,11.347049,889.23926
0.9940448,-0.99180603,0,1,133.52034,1622.3672
11.95307,-11.971847,0,1,5.2770057,256.48267
1.8227046,-1.8441651,1,0,95.58581,622.82056
1.6801889,-1.7140471,0,1,104.79843,1001.7842
14.655744,-14.7354355,0,1,50.738483,499.35098
6.384063,-6.4467783,0,1,67.43838,1284.6929
17.15728,-17.188835,0,1,14.262922,284.63614
6.7547426,-6.760965,0,1,33.082954,615.4154
9.180187,-9.24757,0,1,85.13211,972.29865
10.434911,-10.510927,0,1,23.236324,547.35266
10.973504,-10.974638,0,1,21.43636,450.64957
10.620839,-10.721394,0,1,7.115866,678.92755
2.4801748,-2.5045302,0,1,53.057858,707.9036
0.5145432,-0.51592803,0,1,96.009705,1813.2971
3.421256,-3.4255087,0,1,26.3265,779.40546
5.5680647,-5.567264,0,1,36.108036,577.5579
19.253605,-19.301914,0,1,0.25112075,331.76514
26.557552,-26.645372,0,1,1.3950273,849.2727
5.568854,-5.5155663,0,1,7.47525e-05,772.68097
5.0494823,-5.1192803,0,1,16.296606,1711.4926
-0.35189325,0.34054488,1,0,130.14699,302.06268
2.7786195,-2.7969356,0,1,82.83964,635.3889
23.93378,-23.991463,0,1,17.06045,208.33156
0.5489372,-0.5645784,0,1,162.89868,880.8823
26.534023,-26.610344,0,1,67.77024,226.68253
6.373273,-6.416473,0,1,175.72026,1250.2626
17.187866,-17.20015,0,1,18.896482,290.40292
14.15908,-14.201881,0,1,14.44751,268.36298
7.233343,-7.3063607,0,1,6.4393196,818.19104
8.891216,-8.883753,0,1,0.9734601,748.7615
34.953453,-35.05063,0,1,3.4503176,419.79675
-2.2098212,2.2344282,1,0,1.606621,890.0576
0.61146957,-0.63265693,0,1,81.59319,464.5384
5.6386313,-5.7135797,0,1,685.1699,3056.8381
27.792046,-27.834333,0,1,3.6845138,225.28123
1.6126242,-1.6408296,0,1,337.6433,3058.7148
16.309204,-16.309263,0,1,2.7435002,393.5356
12.592341,-12.666838,0,1,18.861359,977.7655
8.476367,-8.531495,0,1,-3.8146973e-06,374.86603
7.6857295,-7.705754,0,1,70.49874,489.03354
9.738007,-9.768918,0,1,1.8995073,552.279
32.749058,-32.843086,0,1,11.2295065,218.21452
2.7346735,-2.7687156,0,1,134.29933,400.89478
18.504112,-18.491005,0,1,2.8879037,654.1607
7.4509478,-7.4783883,0,1,17.887154,575.75824
2.8444266,-2.8797672,0,1,11.745703,1563.8236
6.5716996,-6.641417,0,1,5.1586146,1074.0839
27.904686,-28.00523,0,1,5.157794,570.5212
7.7800593,-7.813722,0,1,72.72277,532.30585
3.5986488,-3.6523416,1,0,98.83804,638.98065
7.193619,-7.251309,0,1,52.38171,287.51547
-2.0536308,2.070669,1,0,111.1729,764.6335
0.96151733,-0.9829378,0,1,61.21262,3384.582
-0.509465,0.48775443,0,1,169.05457,1564.4586
3.9568043,-4.0074353,0,1,631.61884,2515.862
8.57824,-8.60724,0,1,85.40515,270.813
3.8475266,-3.8510034,0,1,45.978485,323.05212
-2.6915514,2.719743,0,1,175.9099,1104.0543
6.461855,-6.5196285,0,1,1.1207026,916.5546
14.863056,-14.944586,0,1,5.8305154,445.32907
26.88073,-26.94294,0,1,0.9622234,432.60684
8.556265,-8.645397,0,1,40.7975,3163.8743
0.68412876,-0.70604146,0,1,116.77679,888.82806
7.612406,-7.6551895,0,1,16.485666,1441.4111
8.656824,-8.704954,0,1,3.631805,1071.904
15.031954,-15.074905,0,1,88.341675,461.75494
-3.1638732,3.197861,1,0,126.43242,1018.2147
2.9372022,-2.946409,0,1,3.2891521,728.85754
4.35098,-4.37939,0,1,137.75755,659.9631
9.303472,-9.362628,0,1,79.68992,230.64143
13.809335,-13.837435,0,1,0.41350624,910.6356
4.184016,-4.2452993,0,1,157.4445,1299.8593
39.316563,-39.433445,0,1,2.9164531,804.25494
10.492049,-10.500734,0,1,23.006828,627.11523
7.4513597,-7.5086093,0,1,10.107918,661.078
16.334797,-16.39989,0,1,1.3266665,494.60754
5.881865,-5.9259515,0,1,4.6303005,359.244
7.580121,-7.6456857,0,1,1.2086046,676.2283
-2.1053772,2.1289742,1,0,102.29561,493.54587
12.426671,-12.468494,0,1,2.6984704,490.64456
0.5349734,-0.55998003,0,1,440.72534,3223.1184
3.1566772,-3.1875637,0,1,60.294453,1786.3372
16.024525,-16.062532,0,1,6.007053,465.70837
5.681306,-5.724816,0,1,66.592865,211.8597
26.617805,-26.642448,0,1,3.748755,487.25253
20.728241,-20.787727,0,1,7.354122,228.68178
1.7698989,-1.79844,0,1,222.68651,827.4156
0.87077904,-0.8943162,0,1,1.7224125,1967.138
18.294243,-18.340815,0,1,8.798194,466.94077
3.9130507,-3.9598806,0,1,25.489738,639.7774
9.998414,-10.044463,0,1,2.8408167,1969.1956
2.889367,-2.9300876,0,1,25.432755,2511.64
-2.238752,2.2605298,1,0,114.406105,1314.7715
2.576592,-2.573531,0,1,33.60604,813.7763
2.3643203,-2.374064,0,1,26.322964,933.42834
-2.4802647,2.506884,1,0,115.70094,935.9292
16.181824,-16.228018,0,1,1.1700119,1199.5121
5.9913726,-6.031609,0,1,70.52614,490.01794
18.440453,-18.446758,0,1,6.7026916,980.826
5.6805,-5.714288,0,1,88.487976,241.56523
10.1811285,-10.25886,0,1,37.481003,291.4299
0.5442214,-0.566411,0,1,185.37262,773.8083
27.884106,-27.985992,0,1,6.1815085,662.41003
4.894534,-4.9024296,0,1,5.138193,591.7837
6.093649,-6.140453,0,1,28.330267,1028.5044
4.145503,-4.16911,0,1,21.9927,689.87195
20.064392,-20.09534,0,1,3.5752466,330.47012
0.535692,-0.5609871,1,0,12.401524,1190.5405
3.6083424,-3.628524,0,1,111.213684,543.5587
8.289031,-8.283396,0,1,126.22354,342.49744
20.266937,-20.29752,0,1,11.231769,200.438
12.022349,-12.0709095,0,1,15.219602,464.1803
-2.2079694,2.2325625,1,0,108.846146,1147.4221
16.226936,-16.393173,0,1,100.91272,325.79803
20.46836,-20.561861,0,1,5.139267,1263.4883
13.937932,-13.9620075,0,1,1.0259712,447.2768
8.117827,-8.157262,0,1,51.430775,259.04288
12.722498,-12.71015,0,1,0.80740404,647.3358
5.366291,-5.4022098,0,1,155.89243,880.66016
13.927955,-13.959567,0,1,7.267648,845.05414
16.192493,-16.232222,0,1,38.29879,252.88625
32.173008,-32.250187,0,1,4.489503,343.91763
5.838607,-5.9194,0,1,99.52495,456.57532
6.381128,-6.389429,0,1,21.567974,518.71906
14.072972,-14.055325,0,1,1.7203684,661.2193
3.5616965,-3.5781376,0,1,7.442148,2399.916
3.2403374,-3.2380629,0,1,2.121154,701.59796
3.339069,-3.3825295,1,0,107.43893,876.30426
16.711441,-16.748867,0,1,6.347037,619.9179
5.0760965,-5.147324,0,1,197.2281,735.19446
16.032375,-16.082096,0,1,13.615617,265.71
-0.12330972,0.122033864,0,1,104.811646,243.22884
4.8720055,-4.919555,0,1,539.32446,1840.7555
0.40293694,-0.40950796,0,1,137.33035,441.0884
1.0580986,-1.0818789,0,1,87.718056,1528.0392
-2.170511,2.1948254,1,0,132.54126,457.0024
4.104084,-4.1186385,0,1,163.03694,815.3022
8.764439,-8.826515,0,1,31.737432,235.0121
8.664855,-8.714497,0,1,18.70345,780.8659
1.0343212,-1.050199,0,1,97.83838,1429.9578
4.414239,-4.467726,0,1,52.252323,1053.3512
-0.064322166,0.056928545,0,1,78.10212,2420.1658
16.499046,-16.512909,0,1,1.1650543,445.22302
0.15471554,-0.15969709,1,0,98.69631,1232.0365
2.221531,-2.2604039,0,1,22.503738,969.58093
8.334714,-8.394973,0,1,4.881581,598.1209
2.6516376,-2.6936924,0,1,369.04178,1265.6726
-2.051746,2.0751765,1,0,110.809364,884.0024
1.1207595,-1.1448951,0,1,199.26283,628.40186
15.564961,-15.623565,0,1,24.283895,332.16052
16.759636,-16.788761,0,1,3.4176145,491.08948
14.69447,-14.75471,0,1,9.865494,900.54254
-2.1060588,2.1298933,1,0,107.70791,1344.5328
3.3910942,-3.3891647,0,1,13.917184,3056.3408
10.707656,-10.768052,0,1,4.953086,358.76004
7.4962964,-7.53397,0,1,24.786755,1831.6205
1.1946896,-1.217689,0,1,68.3799,1129.2638
6.1898737,-6.2395816,0,1,14.28023,797.8578
5.7442408,-5.802666,0,1,2.6147294,1729.5931
23.265312,-23.316746,0,1,14.70515,228.86646
9.846084,-9.8839,0,1,17.938969,797.7212
0.50196874,-0.50822866,0,1,113.89065,1520.5929
19.0794,-19.172977,0,1,5.566962,347.2314
2.3153985,-2.3521595,0,1,-9.344062e-06,219.33803
-2.636324,2.6635516,1,0,115.99806,394.5161
-0.32648975,0.30241847,1,0,11.294199,1222.3765
-0.1934062,0.18490782,1,0,121.02116,448.37814
7.071435,-7.13781,0,1,204.01762,788.7183
-1.3381974,1.3473186,1,0,125.34557,493.89862
13.876378,-13.865366,0,1,4.119603,343.09845
19.580872,-19.584196,0,1,2.8816166,291.71426
7.1657305,-7.232784,0,1,11.216749,550.24146
9.322059,-9.4213085,0,1,165.30968,3185.4028
8.885545,-8.94494,0,1,36.607586,2472.381
1.7843196,-1.8065536,0,1,66.67074,3248.2212
3.594254,-3.6259632,0,1,54.680843,313.19458
-2.2664406,2.2914686,1,0,118.54226,901.913
7.674958,-7.6827903,0,1,1.8303673,444.2284
25.300335,-25.280716,0,1,3.0040872,473.7021
2.1496334,-2.1899374,0,1,123.68358,327.65204
-1.5609273,1.5779734,0,1,96.74813,818.87805
13.256428,-13.363484,0,1,20.407564,2961.4014
5.7563457,-5.740251,0,1,1.4896845,440.95325
-0.58567977,0.57208693,1,0,81.75868,457.68344
2.3498707,-2.3924148,0,1,163.26819,1404.297
-2.13422,2.1582642,0,1,308.8597,887.55884
9.402774,-9.445271,0,1,9.321742,480.1289
-2.5864615,2.6138709,0,1,84.86754,1604.9596
27.548592,-27.660614,0,1,6.1378818,702.433
3.9468899,-3.958216,0,1,4.511734,770.2053
23.622494,-23.74274,0,1,0.58299446,390.4442
11.487102,-11.473875,0,1,1.1417223,1030.5844
13.844173,-13.8719635,0,1,7.5710936,580.58075
17.92424,-17.993176,0,1,7.54615,535.22864
10.355849,-10.439062,0,1,56.665886,911.24524
11.845092,-11.865761,0,1,16.398985,716.7161
-2.7389646,2.7676513,1,0,120.79455,1374.0161
0.52467406,-0.5480715,1,0,104.04933,1007.0298
19.246174,-19.317608,0,1,32.59604,1812.1514
9.3153105,-9.392523,0,1,9.892627,517.1957
1.1365767,-1.1611054,0,1,344.23407,2647.5903
4.0875096,-4.1224566,0,1,51.19315,1781.0485
21.379795,-21.446104,0,1,5.0502577,512.40533
11.796754,-11.880273,0,1,107.27576,340.8706
3.6337514,-3.6685476,0,1,35.084244,509.50375
9.574187,-9.606984,0,1,47.6813,809.7032
3.9045296,-3.9628313,0,1,357.38065,2058.1973
2.7187257,-2.732821,0,1,45.599873,401.17255
4.26633,-4.2711034,0,1,6.0042357,1356.7579
7.2314825,-7.3072095,0,1,44.104153,1467.4048
2.9030714,-2.9319115,0,1,7.226625,736.5498
5.67058,-5.7078786,0,1,12.00272,1029.9043
2.5129645,-2.5525253,0,1,159.3607,652.2691
12.297818,-12.349985,0,1,3.1777153,411.51007
1.9971781,-2.0305853,1,0,4.2564535,1127.0208
0.21592426,-0.21056813,0,1,92.97294,554.5487
8.732629,-8.745628,0,1,20.689037,334.00916
20.470348,-20.502415,0,1,1.4923223,392.68262
12.221765,-12.201885,0,1,1.7946324,3135.405
11.0475855,-11.115767,0,1,97.545845,306.11234
5.938156,-6.023418,0,1,162.50375,482.92426
9.770997,-9.842665,0,1,40.470924,664.7744
-1.9280467,1.9503803,1,0,94.228294,2038.1555
4.7897844,-4.853246,0,1,27.345556,3036.562
-0.8831094,0.879236,1,0,101.03138,353.2105
6.158386,-6.152738,0,1,14.018426,669.8016
1.2296425,-1.2503786,0,1,83.94203,590.682
2.754721,-2.7909138,0,1,6.580044,1425.2443
9.972045,-10.017612,0,1,14.091436,1877.6846
11.403439,-11.482883,0,1,64.785706,407.43256
4.197427,-4.248324,0,1,374.23972,971.2668
6.694807,-6.7120013,0,1,8.371109,839.12915
1.03269,-1.0549796,1,0,19.735912,1297.518
-2.8598309,2.889867,1,0,98.80744,1460.6539
13.244388,-13.334449,0,1,52.921303,483.26508
20.346386,-20.368671,0,1,3.6668983,572.1961
2.196251,-2.2345986,1,0,114.4931,413.62845
26.667728,-26.773369,0,1,3.2614126,459.50262
-3.6285448,3.6687589,1,0,124.364685,932.0177
21.019627,-21.130222,0,1,65.628235,252.9388
8.007073,-8.0791855,0,1,6.4719253,772.562
0.51894283,-0.53904796,0,1,109.033035,949.96716
10.775985,-10.861725,0,1,4.93074,3451.6204
7.25942,-7.3151345,0,1,66.11333,561.9057
5.2196217,-5.265898,0,1,84.70777,685.8649
9.082887,-9.096479,1,0,11.907754,1444.6836
-1.9920549,2.0143259,1,0,132.40497,1356.4806
25.274727,-25.385757,0,1,43.795734,335.96002
14.595882,-14.665028,0,1,3.6301496,346.32016
6.6433716,-6.673667,1,0,7.4772635,1242.9482
22.799568,-22.744518,0,1,2.6249502,1212.6553
10.937337,-11.002029,0,1,44.296364,244.67976
4.447052,-4.4949536,0,1,109.2159,279.90857
5.4293222,-5.4601665,0,1,2.794491,1502.4958
15.331603,-15.352268,0,1,2.5800884,517.2635
19.366013,-19.375206,0,1,58.814743,321.01654
8.444303,-8.457549,0,1,13.596494,775.94275
-0.78555083,0.7770232,1,0,112.955086,804.2496
-2.42383,2.4500296,0,1,154.68394,695.22644
13.305663,-13.441637,0,1,50.8109,256.36313
-2.725318,2.7535262,1,0,97.72295,337.0401
6.8520823,-6.8464327,0,1,12.141973,311.08606
0.5268166,-0.54995334,0,1,164.12743,825.30835
17.170952,-17.246826,0,1,2.2098742,325.48584
1.9097767,-1.9476533,0,1,664.13403,3317.4404
2.7143817,-2.7238119,0,1,43.87748,690.0404
3.1546268,-3.2053592,0,1,14.809109,2214.9658
11.640076,-11.735287,0,1,6.669292,895.0986
3.1711628,-3.1993926,1,0,99.57423,1255.0409
3.512144,-3.5117395,0,1,68.15249,296.9688
-2.9789624,3.0104346,1,0,115.73736,1552.0494
33.129204,-33.161976,0,1,6.9560747,322.92276
-2.5279438,2.554918,1,0,125.2095,1136.4199
1.755462,-1.7747171,0,1,125.946785,463.45468
3.0993166,-3.1501176,0,1,72.927895,615.61865
9.770919,-9.825689,0,1,1.5334743,525.76587
0.35942048,-0.378957,0,1,270.03543,1088.8434
-2.747942,2.776542,1,0,116.26829,350.03677
13.789929,-13.847988,0,1,10.520387,920.83405
11.416829,-11.48404,0,1,105.68493,348.024
30.129307,-30.183126,0,1,2.633458,364.7349
13.490375,-13.5972395,0,1,70.003815,504.86386
20.780964,-20.858551,0,1,7.4609494,890.2515
-2.5073233,2.533385,1,0,116.439644,778.0933
-2.0167809,2.0399098,1,0,143.31389,614.95703
-1.2972108,1.2987714,0,1,112.906746,545.3752
6.7794185,-6.782156,0,1,5.6894903,488.58304
3.5549192,-3.601143,0,1,107.23477,495.193
17.705132,-17.759018,0,1,0.5156743,410.9846
23.033379,-23.080147,0,1,1.2056826,382.49615
21.419949,-21.456118,0,1,1.2509758,609.82025
5.224555,-5.2222176,0,1,1.4988261,751.98285
6.1907215,-6.2721977,0,1,4.509992,1046.4518
7.1461625,-7.1966667,0,1,38.495956,692.2555
1.0250223,-1.0618262,0,1,252.73509,620.294
11.940145,-12.005919,0,1,0.5433059,976.5928
22.134174,-22.279972,0,1,14.107933,1010.7267
-0.74216115,0.7324563,1,0,102.214966,1805.1434
-1.5612781,1.5803926,1,0,127.443146,340.6236
4.4247346,-4.479864,0,1,139.02853,432.95767
27.275864,-27.409622,0,1,21.741484,2643.129
10.803496,-10.885189,0,1,43.67663,973.0808
0.03993371,-0.057168573,0,1,415.9101,3015.1174
3.778809,-3.8171065,0,1,110.41246,272.7057
3.5294642,-3.5618174,0,1,2.874762,913.40076
5.490423,-5.5442967,0,1,32.710575,580.7952
4.3254633,-4.390513,0,1,387.54416,1327.1375
0.96830606,-0.99217534,0,1,385.4207,1528.819
8.999326,-9.03713,0,1,32.10273,675.3482
3.3864217,-3.4149563,0,1,13.410202,760.2724
-0.25716043,0.23421243,1,0,126.32267,473.48764
3.4288733,-3.429086,0,1,1.4051194,588.737
-1.7867188,1.8081439,1,0,109.868355,382.88037
15.40185,-15.450275,0,1,24.248796,1765.4667
1.857666,-1.8914416,0,1,14.967116,1379.7673
21.05996,-21.09617,0,1,3.6469588,939.6114
-2.7187304,2.7472048,1,0,113.26407,860.934
10.841926,-10.827763,0,1,18.674692,551.5926
2.88977,-2.903138,0,1,29.911444,578.0678
8.67727,-8.738041,0,1,3.8919747,1438.7025
0.2493555,-0.26366273,0,1,415.16748,1840.1715
27.809929,-27.87818,0,1,8.819919,293.55124
7.152905,-7.168713,0,1,3.6832147,742.17487
0.70049906,-0.7181399,1,0,127.291695,1339.7826
20.984211,-20.98539,0,1,3.786726,290.55008
-1.8684676,1.8874972,0,1,180.48596,1900.6794
13.2762575,-13.3654,0,1,12.3372345,916.4708
5.645477,-5.6705422,0,1,45.60621,299.5563
16.206131,-16.189018,0,1,1.2773213,490.86322
2.8554597,-2.8482268,0,1,37.580612,2354.6038
4.718727,-4.7744784,1,0,79.54286,928.1552
10.429919,-10.413054,0,1,0.16946912,788.14404
4.121017,-4.127313,0,1,1.5062213,917.30804
-3.578139,3.6177733,1,0,122.37315,679.9642
20.901035,-20.91915,0,1,6.7512245,935.9315
8.512152,-8.516691,0,1,3.657149,881.76215
-2.6364985,2.6642802,1,0,102.72592,1225.8945
11.749833,-11.787884,0,1,5.3935304,383.2735
3.1181283,-3.1624677,0,1,400.04407,1260.0995
4.530128,-4.589809,0,1,285.71808,698.9246
-2.4766622,2.5032547,0,1,93.55083,2042.8604
18.090065,-18.084646,0,1,3.903955,477.79153
11.336739,-11.349171,0,1,7.4977217,464.6998
2.4886117,-2.5225828,0,1,17.477236,1079.4689
8.313027,-8.309051,0,1,33.17603,220.17896
13.572873,-13.60895,0,1,5.148894,722.57874
23.449497,-23.49163,0,1,5.8076735,282.20816
9.112128,-9.175974,0,1,36.133675,358.0359
18.542873,-18.596863,0,1,34.972626,423.0983
29.128384,-29.173927,0,1,0.80369496,784.45123
10.021428,-10.08729,0,1,2.3827689,636.35077
24.88115,-24.918356,0,1,11.078961,260.00067
22.228725,-22.28724,0,1,23.81895,886.3245
1.419822,-1.4412096,0,1,93.94057,1039.5697
8.761881,-8.747696,0,1,19.893602,1090.1752
5.919382,-5.945668,0,1,64.92656,465.6066
18.784222,-18.773296,0,1,5.3274264,322.50674
7.546286,-7.5650525,0,1,56.290363,343.40054
17.147808,-17.267601,0,1,46.469463,3235.1777
28.156227,-28.222424,0,1,11.508125,324.60135
25.933723,-25.965496,0,1,7.3949127,307.92154
20.608356,-20.659264,0,1,2.2066195,281.34033
13.928842,-14.003854,0,1,1.4473011,361.1389
29.2933,-29.371529,0,1,3.3548317,333.33774
0.8478036,-0.874313,0,1,316.15057,2499.843
5.119875,-5.1737876,0,1,117.7924,289.71472
8.76572,-8.785928,0,1,4.1708217,515.3946
10.54288,-10.538169,0,1,31.63536,359.40656
1.7000052,-1.7342241,0,1,87.084076,311.27194
2.8739352,-2.9094493,0,1,116.930214,499.6357
34.516235,-34.640835,0,1,34.74108,1977.4937
4.0709634,-4.09818,0,1,95.136826,354.97745
12.9060755,-12.94641,0,1,3.9886637,503.85455
30.041504,-30.085571,0,1,0.88056093,914.91144
8.405567,-8.467859,0,1,3.7270281,735.39264
7.7369266,-7.7760053,0,1,5.195732,1472.4756
1.4627011,-1.4941223,0,1,74.54259,3328.4326
-3.0947738,3.1278634,1,0,95.85189,891.0366
8.292781,-8.368607,0,1,5.4330506,1357.1875
3.1943364,-3.2468412,0,1,83.53431,942.4712
5.4084473,-5.424722,0,1,45.980083,371.84802
15.274662,-15.28868,0,1,3.1679204,503.9555
1.5991039,-1.6062813,0,1,3.3774054,887.9314
17.049046,-17.126305,0,1,8.11669,669.99176
11.81491,-11.882385,0,1,49.29237,402.4564
22.079666,-22.127483,0,1,1.2607286,308.90427
26.459179,-26.524605,0,1,5.4232883,282.89023
9.924403,-9.92121,0,1,0.17742254,1318.9231
22.860909,-22.940996,0,1,11.874277,517.2023
18.233768,-18.329926,0,1,72.99205,261.6313
-1.8786488,1.8979083,1,0,110.03035,1284.2405
15.611595,-15.665079,0,1,19.97635,204.65213
12.925366,-12.975117,0,1,26.123184,409.2035
23.095764,-23.163452,0,1,24.964031,240.72221
5.1180477,-5.1752553,0,1,141.28539,378.09616
2.7834392,-2.823294,0,1,99.36501,1778.4058
2.653279,-2.6850922,0,1,76.48941,367.59406
9.011487,-9.078894,0,1,4.2187347,703.14734
18.46458,-18.528305,0,1,6.3561144,526.82263
-0.07899143,0.070073605,0,1,175.79068,503.80084
-2.4485192,2.4643962,0,1,9.536743e-07,262.7564
3.2725544,-3.3201478,0,1,73.91365,1709.333
4.455817,-4.4829144,0,1,43.94948,845.8664
13.873572,-13.96578,0,1,44.61067,416.7878
-2.6693172,2.6965024,1,0,60.6957,1480.8418
-2.692832,2.7210352,1,0,68.677055,1744.951
3.461898,-3.5208187,0,1,197.65898,1086.294
10.762568,-10.826023,0,1,56.629265,785.7077
4.050866,-4.051519,0,1,59.59988,514.5147
1.6245465,-1.6673628,0,1,760.93964,2927.513
0.104877144,-0.116589636,1,0,126.095215,628.25684
6.3407516,-6.3717666,0,1,14.718578,635.9604
2.9981256,-3.0517502,0,1,76.18695,746.3149
-0.86682594,0.8586898,0,1,45.53716,540.0358
6.750681,-6.786558,0,1,34.692085,571.6935
9.1970215,-9.225111,0,1,8.9968,205.70709
10.58127,-10.689234,0,1,28.84509,601.7037
1.5126202,-1.5405674,0,1,487.28174,2019.2489
0.15149736,-0.15910837,0,1,35.966503,1627.192
-2.5560875,2.5832708,1,0,112.76915,868.915
4.9928527,-5.054397,0,1,197.14291,1332.0875
0.8179609,-0.844079,0,1,383.9993,896.3849
-0.28964555,0.28341737,1,0,106.7698,682.34314
20.904942,-20.91814,0,1,4.5962644,235.4196
9.938524,-9.988487,0,1,61.816223,239.43977
8.958889,-9.064482,0,1,13.166201,3181.7722
21.77467,-21.842766,0,1,6.8031154,692.11096
26.395962,-26.46114,0,1,3.4317727,823.20325
6.428086,-6.49087,0,1,133.70305,1638.3085
4.6498556,-4.7130337,0,1,303.37476,960.99866
1.2425956,-1.2401564,0,1,63.541515,551.21313
39.197468,-39.25282,0,1,0.69609904,325.56448
10.712907,-10.700509,0,1,33.527218,358.4642
3.0277948,-3.0534365,0,1,13.020907,778.66437
9.532494,-9.606434,0,1,6.965862,736.6928
15.458165,-15.517605,0,1,4.646938,306.61044
21.843258,-21.908178,0,1,1.2258463,583.4682
9.778809,-9.795807,0,1,24.910587,421.95874
29.830563,-29.896252,0,1,0.5781707,611.17975
4.4993258,-4.51063,0,1,10.7232685,618.5516
20.346775,-20.333199,0,1,2.7213511,501.42194
15.730937,-15.787998,0,1,7.236065,908.0615
14.897854,-14.950911,0,1,39.407436,380.99863
10.864375,-10.931374,0,1,56.97567,314.04782
13.613141,-13.644127,0,1,5.4843307,485.4058
4.027063,-4.0846095,0,1,74.0657,356.27637
7.3778696,-7.4345636,0,1,24.1681,417.0574
2.9414449,-2.9861357,0,1,151.17445,355.5876
14.90558,-14.937872,0,1,22.078335,329.29123
4.99937,-5.0525126,0,1,26.269217,935.4349
16.86338,-16.952057,0,1,3.2965045,700.1114
9.063949,-9.122476,0,1,18.14004,477.61435
2.4196963,-2.44018,0,1,27.931658,1009.52655
11.106633,-11.141859,0,1,30.945255,239.50761
16.172924,-16.259596,0,1,11.952356,374.87622
7.0554442,-7.0825353,0,1,45.756115,316.00098
6.4122863,-6.481734,0,1,165.23988,857.6131
1.3205818,-1.3501624,0,1,87.807274,1819.9684
0.7738614,-0.79566777,0,1,229.94728,2500.3267
6.1067257,-6.1159773,0,1,5.459715,823.59393
4.0722446,-4.0593715,0,1,2.9257789,1327.0068
-2.554708,2.581881,1,0,108.488335,1057.8427
0.36486554,-0.3862941,0,1,147.92859,324.2488
3.3344421,-3.3940237,0,1,325.3221,3107.4631
5.472961,-5.5428443,0,1,22.724026,3291.3286
12.884051,-12.966722,0,1,11.859612,552.8909
17.099346,-17.161762,0,1,23.20689,691.84454
14.6613865,-14.71533,0,1,9.460012,365.12173
3.6014402,-3.6606128,0,1,231.03764,874.4222
19.201809,-19.214127,0,1,14.481582,590.7602
5.0224953,-5.0814204,0,1,29.935865,1597.873
5.8916473,-5.958871,0,1,36.840084,1832.4888
4.4538584,-4.512306,0,1,62.308952,2237.528
2.6535292,-2.6692173,0,1,157.62404,1446.4542
4.6082163,-4.662076,0,1,85.42592,586.0166
2.4181807,-2.4329917,0,1,6.11305,603.9448
7.5483403,-7.6227345,0,1,154.05536,653.329
19.080761,-19.139816,0,1,22.632887,2396.2512
4.360161,-4.42204,0,1,514.94464,1418.3877
6.9271035,-6.9717636,0,1,71.492386,646.9559
12.578995,-12.612404,0,1,35.226265,570.3268
9.647281,-9.669417,0,1,21.348446,505.77713
0.18298256,-0.19545266,0,1,93.459854,822.8352
1.4147228,-1.4414895,0,1,19.493,988.5711
7.437772,-7.468237,0,1,10.433119,728.3114
1.742547,-1.7718604,0,1,128.18256,1142.7994
2.6974373,-2.6882405,0,1,10.120342,1511.926
-1.1117585,1.107352,0,1,76.61391,908.1559
5.4886737,-5.4454713,1,0,16.734499,740.56714
4.3158684,-4.372101,0,1,818.0228,3220.5867
18.58442,-18.537746,0,1,3.5413024,382.11792
13.79115,-13.917624,0,1,52.88097,441.39752
5.216556,-5.266936,0,1,92.31526,318.90515
5.056897,-5.124734,0,1,450.19205,1772.6454
1.5510907,-1.5830114,0,1,179.07452,904.0397
3.4845343,-3.5066822,0,1,194.18684,711.0411
1.2865078,-1.3053472,0,1,83.4786,293.78622
39.698483,-39.741993,0,1,0.83909756,621.7187
7.8994026,-7.9740767,0,1,56.857605,2753.311
5.617811,-5.7059045,0,1,68.95771,2931.1765
6.489704,-6.5649467,0,1,73.826805,1561.2789
14.077152,-14.118912,0,1,33.579906,447.74063
-2.2644353,2.2891772,0,1,104.08871,898.41187
13.755725,-13.778675,0,1,2.998024,816.75714
39.38551,-39.482697,0,1,0.9782277,474.3356
1.60108,-1.63679,0,1,424.2197,1843.4901
9.816211,-9.834918,0,1,0.8898121,507.2389
0.56529987,-0.565645,0,1,46.7673,421.32047
-2.9201167,2.9500465,1,0,80.0896,1224.1064
0.70262206,-0.7271619,1,0,154.40741,452.08026
12.016513,-12.009247,0,1,3.2950616,1067.895
17.342133,-17.350225,0,1,8.621706,209.47638
-0.36703455,0.3460396,0,1,53.129585,1156.3469
0.08304232,-0.09729838,0,1,140.45735,500.49625
7.5318894,-7.550403,0,1,9.318722,539.23706
7.606896,-7.6395907,0,1,29.205551,1009.106
1.5154343,-1.5440245,0,1,27.557749,1012.12555
37.353302,-37.410618,0,1,5.5918236,506.85666
6.8249826,-6.8628354,0,1,11.05046,1391.276
0.3265797,-0.3463072,0,1,63.002586,642.98737
4.466041,-4.459379,0,1,26.579325,1069.8107
4.6681004,-4.700377,0,1,24.784983,729.48816
0.33609968,-0.34713373,0,1,359.95007,1847.6208
38.049225,-38.139088,0,1,3.2261713,341.79327
19.097397,-19.246918,0,1,50.227215,430.80298
-2.835882,2.865607,1,0,76.26872,1851.9272
8.722704,-8.811424,0,1,84.95155,205.7494
17.167046,-17.313004,0,1,28.740957,1712.3708
-2.5009727,2.5276258,1,0,100.7916,1211.8217
8.797298,-8.850556,0,1,9.218663,346.88538
5.7281885,-5.7382245,0,1,76.375145,220.85039
17.919487,-17.927586,0,1,5.4232736,611.9425
12.257487,-12.297117,0,1,15.053504,879.3912
1.7967445,-1.8333833,0,1,142.11697,3635.7693
4.104638,-4.118384,0,1,100.82219,332.5149
1.2265272,-1.231726,0,1,110.70036,964.20264
10.12612,-10.220535,0,1,40.316578,330.49908
14.085879,-14.162527,0,1,12.954508,295.74973
18.18116,-18.277794,0,1,20.150616,458.99536
21.395481,-21.377316,0,1,11.381243,335.3711
11.940011,-11.941383,0,1,4.8706546,433.74295
7.3932877,-7.4403415,0,1,7.6712246,720.0389
23.913853,-24.026516,0,1,67.294754,255.43106
11.881717,-11.901516,0,1,6.711457,1229.2473
24.498543,-24.610027,0,1,0.28746733,2933.19
-2.0868068,2.1096063,0,1,83.21835,353.7832
5.1467333,-5.173049,0,1,4.3970485,638.42175
2.9596336,-2.973512,0,1,10.201913,556.2929
9.664483,-9.713939,0,1,23.878223,357.37903
-2.4848092,2.5114622,1,0,113.33775,712.08685
10.956819,-11.0276375,0,1,-1.5258789e-05,1753.4993
6.195423,-6.2334366,0,1,76.29462,237.35028
6.057373,-6.094425,0,1,3.7043355,627.8414
7.6969576,-7.7209415,0,1,89.995056,351.05865
-2.5333283,2.55999,1,0,125.64091,1409.3577
-0.03452748,0.03016758,0,1,239.51483,1304.2874
15.884852,-15.922834,0,1,9.397546,687.2876
2.7228541,-2.719047,0,1,5.7337146,1539.893
12.298072,-12.327715,0,1,9.525596,555.2515
-2.4527578,2.4791725,1,0,114.27631,1404.0355
7.5342407,-7.5471654,0,1,9.197628,875.4006
6.8620534,-6.921485,0,1,49.79919,620.5509
-2.8256464,2.855241,1,0,110.99116,1186.1097
8.177267,-8.165713,0,1,3.5091968,1059.0292
-2.9566505,2.987945,1,0,112.22598,1078.9633
29.962784,-30.093746,0,1,10.0134325,992.52936
34.346344,-34.41686,0,1,2.05714,266.3323
19.112453,-19.18951,0,1,71.89489,511.89487
31.759071,-31.91277,0,1,11.16732,3387.2734
4.2436247,-4.2962503,0,1,0.91591215,721.93884
0.122333795,-0.13743201,1,0,105.36486,536.4037
10.838618,-10.878248,0,1,3.8916824,678.8385
-0.22956459,0.22187774,0,1,119.42477,588.14087
3.1129723,-3.1538658,0,1,256.55344,736.0885
1.247935,-1.2751005,1,0,243.20909,898.5593
9.272327,-9.205282,0,1,14.058495,526.4605
2.6664822,-2.6570928,1,0,3.9675338,745.65594
1.3430068,-1.3720944,0,1,458.40805,2546.9941
2.4096208,-2.45919,0,1,96.77315,934.3779
8.89837,-8.961596,0,1,55.58848,292.2977
2.338127,-2.3762724,0,1,288.313,1040.321
-2.3018985,2.3271902,1,0,103.88505,1352.9021
1.3669564,-1.407424,0,1,305.58887,1069.2393
11.067042,-11.095026,0,1,19.732533,1191.5898
9.263371,-9.357556,0,1,5.2945156,660.37036
1.060669,-1.057791,0,1,6.21259,1925.2195
10.68352,-10.724801,0,1,91.094345,305.81216
8.438638,-8.503839,0,1,5.581161,575.84485
22.332897,-22.339745,0,1,31.50237,318.4287
6.8178654,-6.866054,0,1,38.730232,1099.7255
-0.14496566,0.1298964,1,0,97.492,718.3877
-2.542251,2.5693314,1,0,86.95136,1049.3728
22.453407,-22.5639,0,1,30.143929,591.1882
11.206009,-11.239922,0,1,34.16554,435.51382
2.3536358,-2.4089072,0,1,174.3979,522.4977
7.418792,-7.4398417,0,1,36.593,1360.0845
6.713975,-6.7158756,0,1,33.6297,591.8301
4.752779,-4.7736225,0,1,59.423443,698.2295
12.93024,-12.956734,0,1,36.541695,918.3048
29.006203,-29.084358,0,1,2.1858823,514.3712
15.206084,-15.300016,0,1,13.4233055,1736.3105
4.6617956,-4.700262,0,1,114.27446,386.75244
3.3169665,-3.3512585,0,1,219.3949,494.3773
13.935423,-14.038119,0,1,4.584256,904.63293
1.9220169,-1.9391496,0,1,96.165504,730.9192
4.529461,-4.591899,0,1,181.79968,482.55917
14.42363,-14.53107,0,1,39.092113,262.00272
4.613224,-4.6841245,0,1,287.36252,1350.8433
-0.21802863,0.20983936,0,1,161.55502,910.5366
2.541145,-2.576568,0,1,59.10081,469.55243
9.557223,-9.637245,0,1,27.824848,398.57477
6.940961,-7.0141134,0,1,32.855656,1139.9127
3.0345325,-3.0728447,0,1,142.11723,527.2645
7.469829,-7.5459943,0,1,53.614502,214.86725
2.2336318,-2.2623723,0,1,85.988686,282.0809
6.2973785,-6.3122096,0,1,0.91443586,726.6094
2.8136964,-2.8664927,0,1,195.88078,1618.2301
6.906332,-6.88628,0,1,19.11828,876.8621
10.4378195,-10.467411,0,1,30.1169,430.10812
19.120857,-19.212414,0,1,30.840866,566.1656
2.443603,-2.4570277,0,1,62.820488,363.0401
13.983724,-13.990505,0,1,127.50911,486.21255
1.362116,-1.3878851,1,0,93.44282,651.35077
4.4478326,-4.4735036,1,0,133.2337,1156.0739
5.494555,-5.548508,0,1,135.15674,774.6036
14.855219,-14.8606205,0,1,34.54439,1086.8761
13.170083,-13.21587,0,1,9.949035,973.6969
19.140488,-19.180618,0,1,2.8193192,479.99478
8.198169,-8.216743,0,1,1.9878461,1564.9813
4.8545866,-4.90247,1,0,17.070684,1389.6752
0.008637518,-0.0272066,0,1,156.12643,459.65076
2.1725883,-2.1966472,0,1,81.69295,3062.5981
2.3924408,-2.3867843,0,1,103.34984,459.99847
-2.2469623,2.2718332,1,0,13.13071,1699.1969
16.39367,-16.454779,0,1,6.499264,1384.0256
-2.1462657,2.1703994,1,0,116.691086,483.80478
0.42539114,-0.44766006,1,0,120.73178,411.34482
3.105468,-3.128804,0,1,134.67548,882.8513
2.7164874,-2.7284176,0,1,2.2519765,613.011
-1.9079087,1.9208808,0,1,345.86423,3036.4001
2.6068015,-2.642895,0,1,81.81497,2602.7776
1.3446674,-1.3562682,0,1,151.42607,350.37198
-0.1429447,0.13124326,1,0,104.621605,594.1464
0.05603835,-0.06723115,0,1,32.344376,2599.7266
3.826354,-3.8499606,0,1,48.577866,766.6551
18.396534,-18.42016,0,1,40.710945,320.82492
4.2802,-4.297762,1,0,18.38951,1305.148
19.649868,-19.731205,0,1,19.685062,906.4349
13.14522,-13.198619,0,1,1.343569,805.0729
21.18927,-21.223373,0,1,59.09911,582.65796
-0.1662877,0.15458201,0,1,173.21193,1160.2374
18.10928,-18.121483,0,1,1.5700767,503.8079
-1.938364,1.9608321,1,0,107.495384,250.83658
4.678189,-4.671619,0,1,86.143936,436.6256
11.040126,-11.132196,0,1,14.75297,3791.7756
4.8710766,-4.922515,0,1,81.68022,311.05283
28.886597,-28.949074,0,1,5.908323,343.45883
8.822485,-8.927159,0,1,15.085889,2213.181
26.943283,-27.017506,0,1,2.7098596,804.26733
28.188267,-28.274239,0,1,1.5001792,403.48395
7.573162,-7.6041856,0,1,0.8677385,968.2024
0.48328757,-0.49925312,1,0,142.35997,416.11502
11.994227,-12.057806,0,1,14.724059,443.77786
4.3485637,-4.3769226,0,1,114.649925,3062.5398
11.108872,-11.185354,0,1,18.489204,398.61334
-2.1913686,2.2158382,1,0,119.91058,907.2364
8.225024,-8.30844,0,1,145.98288,468.99973
0.5831093,-0.59955966,0,1,73.313194,553.29297
4.3921633,-4.4491153,0,1,313.47095,939.2253
-0.7167688,0.70453584,0,1,107.65056,2369.0945
10.929086,-10.961643,0,1,57.904297,325.09125
12.978602,-13.059572,0,1,66.59284,434.7256
4.7452765,-4.7920575,0,1,42.413315,513.8788
-0.0013902932,-0.009142548,0,1,47.301025,635.8259
3.7243512,-3.7302134,0,1,125.29517,465.10278
1.3730383,-1.4096322,0,1,240.60446,1022.32166
1.9261746,-1.9617541,0,1,229.81587,662.2751
0.44505382,-0.4695439,0,1,294.953,2234.635
8.753037,-8.80899,0,1,147.96233,563.564
12.618468,-12.695087,0,1,22.96299,383.66272
0.21910161,-0.23768228,0,1,111.44584,331.60187
4.7621517,-4.815745,0,1,382.89703,778.7389
0.3744629,-0.39892623,0,1,110.860664,660.3052
13.56812,-13.613207,0,1,61.81906,934.37915
5.291748,-5.3366494,0,1,25.69827,1453.4208
27.96439,-28.039585,0,1,2.1587198,538.6256
6.1023192,-6.1314845,0,1,78.28235,350.25598
19.680634,-19.745884,0,1,4.382887,463.75528
2.4446669,-2.4334333,0,1,6.498239,205.69623
4.422826,-4.427186,0,1,20.294832,1545.4294
6.683198,-6.7412105,0,1,5.9535365,461.87457
17.767487,-17.779694,0,1,31.737476,364.74347
3.1323793,-3.1423242,0,1,25.46345,659.2021
6.376773,-6.4238324,0,1,28.370113,2388.2727
4.8350077,-4.8562617,0,1,1.622869,311.34125
22.379566,-22.448872,0,1,10.943952,348.57193
6.195151,-6.2075753,0,1,26.676287,312.12003
3.2468424,-3.2932065,0,1,184.39964,817.72504
1.6932883,-1.7249687,0,1,74.04861,386.89084
-2.9226332,2.95279,1,0,113.62128,426.94205
4.4361258,-4.4101787,0,1,62.69075,556.64514
8.024553,-8.088501,0,1,28.37633,2501.2327
9.379922,-9.445921,0,1,41.95134,2649.8176
24.215488,-24.338316,0,1,18.952847,821.25397
2.9110804,-2.9419975,0,1,12.700419,1439.128
0.13947469,-0.13183346,0,1,29.483921,1645.1133
0.09911412,-0.11117494,0,1,108.36196,649.5341
-0.015190467,-0.000116854906,1,0,127.97357,1845.9358
14.727442,-14.753472,0,1,6.790982,260.94266
0.77456594,-0.7956879,1,0,149.32219,330.83252
4.0297546,-4.0922737,0,1,452.49652,1384.9462
18.869614,-18.975376,0,1,2.330902,596.3624
1.8111957,-1.8471606,0,1,292.9383,2632.1807
11.162668,-11.257671,0,1,22.424206,543.9406
3.3285656,-3.3526175,0,1,117.03538,470.42053
10.045192,-10.100294,0,1,9.131651,834.4964
33.50246,-33.585533,0,1,3.0591004,403.383
5.163088,-5.197172,0,1,1.1922287,851.5472
28.11409,-28.116661,0,1,2.8514073,498.87274
10.619971,-10.783623,0,1,86.17187,467.11472
0.34640878,-0.36270788,1,0,96.70016,1490.7197
3.4097252,-3.4319866,0,1,55.595936,365.7022
9.838422,-9.903227,0,1,3.9797437,1388.3817
14.98931,-15.117368,0,1,13.586052,1281.8654
7.1246195,-7.118806,0,1,63.437912,661.2237
5.23186,-5.283061,0,1,35.74551,2943.7334
2.6990638,-2.6828115,0,1,17.813396,577.9702
3.196863,-3.2354162,1,0,112.84713,1874.6598
2.3162313,-2.355172,0,1,241.3851,555.5336
6.915802,-6.927598,0,1,94.81499,477.76385
23.035343,-23.069786,0,1,38.30151,322.23138
3.5321167,-3.55077,0,1,112.61652,425.5623
3.8465028,-3.8815134,0,1,71.735756,523.68744
30.982643,-31.019167,0,1,3.163578,363.71045
3.1305184,-3.1637738,0,1,23.380447,473.7659
10.463299,-10.493519,0,1,0.7187079,664.0584
1.2184644,-1.2408135,0,1,75.66542,452.17868
13.209762,-13.25051,0,1,31.660358,335.57904
22.22205,-22.217312,0,1,2.0756526,694.8357
7.040475,-7.1245046,0,1,61.26674,1059.4368
-1.969083,1.9918983,1,0,151.31636,504.17322
9.574,-9.656173,0,1,46.52047,3365.457
-2.2270918,2.2516978,1,0,8.087839,1179.4308
9.523582,-9.561579,0,1,0.94710463,719.9461
0.6098585,-0.61822116,0,1,117.34678,385.5216
7.803093,-7.864984,0,1,134.52608,452.62332
11.538288,-11.573013,0,1,2.4118304,307.54767
6.1492567,-6.162067,0,1,97.838356,723.8234
-0.9477926,0.9463084,1,0,107.54557,1192.1688
8.241526,-8.266267,0,1,1.5923854,669.12445
-2.5255096,2.5524654,1,0,131.67256,1119.895
14.173607,-14.249926,0,1,17.382492,288.6356
-3.1095388,3.1428204,1,0,125.990005,886.1033
4.4125676,-4.4342227,0,1,1.5360615,592.29407
4.11355,-4.1398745,0,1,2.3329442,707.07245
1.3695462,-1.3817214,0,1,10.9215975,568.7549
21.196438,-21.249634,0,1,8.705048,414.03244
-1.9988061,2.0145652,1,0,127.66551,1339.0343
13.594401,-13.68554,0,1,8.99376,371.4904
0.46582294,-0.48388836,1,0,106.13414,1908.7782
4.3355837,-4.392422,0,1,19.35335,2542.7156
2.8925633,-2.9443626,0,1,166.58534,2336.3018
0.2583508,-0.26934782,1,0,172.97546,734.63293
1.5507153,-1.5598905,0,1,87.47388,540.84436
12.447008,-12.537589,0,1,31.345057,825.20624
14.036964,-14.107088,0,1,12.858494,2259.035
3.8334856,-3.8668625,0,1,80.69239,1011.77106
19.555874,-19.557224,0,1,5.852185,219.43521
6.9179826,-6.9373784,0,1,7.3402524,777.7551
12.377483,-12.462964,0,1,53.64027,223.1942
3.5494947,-3.592529,0,1,99.86521,375.3063
0.7175744,-0.74252963,0,1,440.2859,1365.2262
3.1653519,-3.1977096,0,1,111.251785,347.14276
6.5625715,-6.578696,0,1,44.576763,678.48096
12.045274,-12.073766,0,1,12.312312,949.69037
1.430589,-1.439013,0,1,109.01347,3579.1545
5.899642,-5.978055,0,1,22.88236,2018.8657
7.485549,-7.504238,0,1,11.071225,1051.8427
6.9630795,-7.0365376,0,1,85.3272,1313.2484
7.3069105,-7.356822,0,1,44.096348,3331.8674
-2.9222279,2.9530752,1,0,103.42103,1261.6686
21.191822,-21.290382,0,1,5.1417527,413.37552
25.307716,-25.311388,0,1,16.375498,372.08255
-2.0356863,2.054822,0,1,109.77841,1790.1667
7.8911333,-7.8837695,0,1,8.929181,700.9449
3.5543947,-3.6058695,0,1,126.44822,349.15866
2.860631,-2.89936,0,1,42.65613,3143.9146
9.057161,-9.089457,0,1,61.216923,1036.2424
-2.797637,2.8262312,1,0,128.78957,415.70737
8.964122,-9.005381,0,1,1.2617328,446.60178
3.5943189,-3.656818,0,1,121.017296,649.14545
4.535075,-4.5626707,0,1,37.725456,3885.0256
13.576962,-13.593254,0,1,28.716637,335.57773
7.338085,-7.3630815,0,1,89.24231,369.0833
-1.3158886,1.3281417,0,1,339.51062,1010.6303
7.650192,-7.708708,0,1,19.022558,1845.4469
3.0668638,-3.0994,0,1,200.96544,592.29156
5.271579,-5.318133,0,1,40.00682,491.9488
3.1020465,-3.1064725,0,1,122.12221,456.08923
4.841009,-4.9079504,0,1,296.985,3151.8452
5.432228,-5.4528174,0,1,4.784013,692.6301
8.693727,-8.738944,0,1,26.233932,312.6205
3.0477586,-3.0981681,0,1,646.96423,2912.412
2.5275183,-2.5550754,0,1,245.07507,818.4149
23.405964,-23.525253,0,1,17.24453,717.7372
2.4656868,-2.4760692,0,1,80.80609,572.10065
12.758577,-12.824428,0,1,39.707672,774.95953
24.2953,-24.423998,0,1,8.785567,3022.6157
8.799213,-8.858817,0,1,38.899586,453.17636
16.07993,-16.121286,0,1,2.687708,323.42218
18.929886,-18.985723,0,1,8.204493,1330.8955
24.160187,-24.210773,0,1,20.723295,305.2111
0.81711245,-0.83833206,1,0,103.93539,1284.816
7.238916,-7.279666,0,1,6.5913014,1056.709
-0.27810737,0.25709835,1,0,93.607735,930.4972
-0.27391422,0.26777622,1,0,110.26701,663.9233
20.188213,-20.257782,0,1,11.278518,397.62372
5.162669,-5.2069736,0,1,31.212294,1789.6241
19.52427,-19.58343,0,1,3.2529793,437.2385
33.203575,-33.25879,0,1,1.1798165,244.83205
-1.360387,1.3687401,1,0,138.63258,875.78546
1.6875088,-1.7279873,0,1,232.05357,819.1297
14.338515,-14.394131,0,1,2.1793857,359.86862
8.97282,-8.973383,0,1,3.7646677,823.42175
-0.002434671,-0.012305051,0,1,147.62563,1764.9429
11.394967,-11.46694,0,1,2.6887476,2230.264
-2.5825005,2.6084168,1,0,119.96796,538.20355
20.316029,-20.409279,0,1,41.97746,956.78204
3.562665,-3.5776253,0,1,14.695712,317.91165
1.1868024,-1.213546,0,1,238.2558,738.68085
12.849301,-12.856498,0,1,0.8118482,274.29037
5.889949,-5.8892474,0,1,15.149796,891.9518
5.7747636,-5.7397265,0,1,5.6173663,1348.3519
21.947311,-21.970886,0,1,3.0072722,298.75476
11.165452,-11.181452,0,1,10.23105,316.27185
2.3869762,-2.3714306,0,1,74.11059,348.24677
24.797577,-24.86864,0,1,9.007718,487.5221
3.967051,-4.0202336,0,1,163.26105,1449.1312
5.042492,-5.056973,0,1,49.327103,324.65466
-0.68490434,0.67684865,1,0,121.09275,313.42255
2.6337361,-2.6875556,0,1,30.625515,1799.7485
10.818118,-10.905748,0,1,7.293245,767.7475
6.898544,-6.942346,0,1,16.408632,743.1124
1.3590939,-1.3905209,0,1,39.681805,820.8751
13.030154,-13.072149,0,1,13.741995,997.3724
2.5704741,-2.587684,0,1,96.36371,317.8831
2.2529156,-2.2599497,0,1,33.259483,431.23492
12.950526,-13.002617,0,1,65.21618,715.7446
2.5606751,-2.5391233,0,1,11.733779,469.0979
3.787951,-3.803188,0,1,73.38896,282.9568
30.341251,-30.494013,0,1,31.534283,231.08435
6.1401076,-6.1639466,0,1,28.089212,713.76935
-3.5485392,3.5876224,1,0,108.24839,1187.6655
5.2848167,-5.3324013,0,1,65.76452,835.47363
12.167923,-12.213454,0,1,7.1422567,299.47543
3.1935956,-3.2412896,0,1,853.1149,3027.6868
11.0277195,-11.076211,0,1,7.1914325,452.50168
10.142436,-10.167863,0,1,28.207672,327.8372
3.8786683,-3.943906,0,1,286.88715,1872.9017
26.8918,-26.93949,0,1,15.670767,202.9914
0.89132404,-0.9144174,0,1,202.55501,837.5937
7.1580663,-7.1805224,0,1,13.192756,1694.3463
0.24219131,-0.2571756,1,0,95.44643,549.7942
13.536111,-13.590544,0,1,23.742136,965.3987
9.158811,-9.186041,0,1,14.292277,294.8813
19.516819,-19.64373,0,1,59.303646,977.8251
2.9960902,-3.0377915,0,1,222.5491,1809.1682
10.894248,-10.88232,0,1,2.9112792,917.0498
0.90008426,-0.9181669,0,1,66.88897,418.83426
11.098542,-11.14569,0,1,61.334534,436.26898
8.303054,-8.325076,0,1,11.39793,428.03418
9.032913,-9.106613,0,1,42.802532,397.74722
22.683712,-22.714937,0,1,1.3367072,324.42874
17.436543,-17.528332,0,1,38.380146,2509.629
-3.7002482,3.7414763,1,0,120.605965,1415.2421
13.0931635,-13.097499,0,1,33.476406,328.48007
17.621983,-17.620829,0,1,17.770908,411.1441
12.702211,-12.742369,0,1,2.5197802,261.15088
9.893125,-9.827084,0,1,20.003073,916.6772
7.4737425,-7.5034547,0,1,28.127832,282.9017
10.287787,-10.3167515,0,1,16.400438,334.04828
-2.4399183,2.466237,0,1,130.74368,686.8677
-1.6971539,1.7134693,1,0,103.763016,546.2996
1.8645701,-1.8964527,0,1,271.49127,1067.406
14.12065,-14.13332,0,1,10.204545,282.83215
9.376233,-9.399195,0,1,2.3944323,870.7045
7.7166133,-7.7697787,0,1,15.000451,2039.1815
20.251987,-20.32683,0,1,44.96896,300.98804
4.457505,-4.521369,0,1,65.99117,816.9157
-2.0613127,2.082943,1,0,101.590515,870.55927
-0.87053454,0.86591136,1,0,237.69484,969.8079
7.0079527,-7.0531654,0,1,38.729687,799.6926
1.5561792,-1.5884247,0,1,20.400278,2404.4
-2.2095702,2.2340112,1,0,116.7882,764.32245
2.4431453,-2.477486,0,1,78.930626,991.27997
9.046921,-9.067289,0,1,12.68864,853.9377
4.533332,-4.5863647,0,1,1.8992622,484.24127
5.060855,-5.1261125,0,1,9.098843,2801.936
5.356929,-5.41089,0,1,93.85046,782.492
0.8084368,-0.82081544,0,1,13.255976,2081.845
8.529163,-8.53796,0,1,71.95675,211.17844
29.583366,-29.59643,0,1,2.250551,476.6744
6.234249,-6.308665,0,1,116.276886,3294.14
3.4295754,-3.4378095,0,1,9.486672,528.0358
20.598526,-20.647388,0,1,0.022373548,522.14545
5.3644886,-5.4211826,0,1,43.921635,555.5068
-1.9157484,1.937537,1,0,39.473133,930.0098
10.809831,-10.84822,0,1,1.9031804,335.17578
15.731845,-15.799252,0,1,53.6938,607.1923
5.5718293,-5.605965,0,1,91.68886,398.07397
-2.594189,2.6216185,0,1,212.55098,2489.6536
18.410156,-18.475876,0,1,8.220593,3118.815
17.997845,-18.100842,0,1,7.42786,982.4044
12.304112,-12.375262,0,1,6.1775374,612.9144
12.687759,-12.76968,0,1,10.4486885,293.80307
10.431867,-10.522646,0,1,6.2955365,2484.0234
-1.3359358,1.3478066,1,0,119.84738,858.9462
8.119998,-8.155507,0,1,7.3024898,655.7775
4.0370717,-4.083526,0,1,47.29967,783.55676
0.51396465,-0.54144585,0,1,282.48834,2455.1177
8.436752,-8.488636,0,1,20.871822,325.91193
6.1996074,-6.213016,0,1,5.7632236,3204.7983
21.483803,-21.564953,0,1,2.112201,790.41113
-1.422303,1.4282216,1,0,83.75749,1033.4796
8.610981,-8.590858,0,1,71.00242,558.4027
14.098798,-14.123325,0,1,59.1688,289.81885
8.625006,-8.668333,0,1,53.09082,378.9318
6.1202807,-6.1554427,0,1,134.79076,951.7798
9.356351,-9.316409,0,1,-9.344062e-06,279.05048
2.629022,-2.6341245,1,0,95.98074,1290.8975
3.6011987,-3.5957837,0,1,12.197959,945.88983
-2.5361466,2.5631819,1,0,116.41384,1530.7815
9.819091,-9.862225,0,1,8.496467,299.32123
3.6314907,-3.6716309,0,1,76.48657,3079.905
6.27923,-6.351949,0,1,192.17798,830.42633
1.0605657,-1.059036,1,0,142.28856,715.554
2.9478166,-2.9919026,0,1,41.996826,3003.5972
2.3741856,-2.3690572,0,1,67.49067,645.10455
16.405697,-16.475243,0,1,0.6366451,308.05536
7.987561,-8.01096,0,1,49.541378,578.2853
6.4181843,-6.4213233,0,1,8.053079,939.4508
10.7724285,-10.886925,0,1,1.7691103,2424.1638
4.9162693,-4.9659166,0,1,21.254013,3159.8523
5.618331,-5.670463,0,1,51.957653,654.27716
0.5221536,-0.5051404,0,1,11.111669,2188.0996
7.443041,-7.4772058,0,1,37.66481,495.58185
7.446998,-7.482641,0,1,2.4458344,723.83014
5.9685574,-5.998067,0,1,50.595478,524.3245
-0.25719625,0.23803835,0,1,95.17557,300.65768
0.5892105,-0.61402225,0,1,270.39047,906.9661
-1.227627,1.2293645,0,1,49.127407,859.4036
3.799659,-3.8654368,0,1,167.7486,751.9088
4.244914,-4.2958436,0,1,102.87803,922.9373
6.613804,-6.640461,0,1,64.86614,973.78436
-2.19559,2.2200909,1,0,77.83383,765.2904
9.812812,-9.844641,0,1,5.824988,285.74356
20.373215,-20.394138,0,1,9.784247,648.0735
0.72279924,-0.73873544,1,0,120.310875,858.0292
14.243563,-14.306164,0,1,2.4994607,582.9583
20.197556,-20.339224,0,1,56.084457,824.7521
12.332978,-12.386829,0,1,12.26327,402.66095
6.716588,-6.7561893,0,1,53.232944,733.64935
4.3652425,-4.37116,0,1,2.3854039,1097.5923
17.309464,-17.365768,0,1,5.8007755,513.5436
3.1600623,-3.1968725,0,1,32.991276,1926.1072
12.034652,-12.054079,0,1,44.58472,573.6892
33.56377,-33.56916,0,1,0.84696,900.01404
1.9005423,-1.9427674,0,1,184.3657,682.938
-2.244906,2.2688286,1,0,115.41803,1291.5459
15.055302,-15.152943,0,1,4.0240364,486.517
6.942036,-7.007833,0,1,167.89923,3344.0688
22.31977,-22.247234,0,1,3.891514,206.8374
4.657132,-4.7142673,0,1,81.87446,1057.3353
19.521343,-19.597136,0,1,0.7226769,348.92575
-2.555603,2.5827825,1,0,106.89885,530.43823
2.8362093,-2.8452067,0,1,47.837566,226.6269
3.2956963,-3.3417575,0,1,445.52576,1885.804
6.211175,-6.277414,0,1,83.47067,280.12308
1.7751415,-1.7912929,0,1,99.582016,263.89508
4.475009,-4.533722,0,1,260.68887,1813.8871
12.740679,-12.784954,0,1,5.705193,284.49866
16.033615,-16.083504,0,1,8.406431,486.73868
2.9325533,-2.9783325,0,1,849.5265,2390.113
3.9242988,-3.980111,0,1,97.85018,1339.9895
11.226834,-11.339264,0,1,26.047014,3053.7415
2.4734223,-2.518801,0,1,205.64731,699.6386
15.822783,-15.919168,0,1,3.00711,237.56949
1.1363468,-1.1291841,0,1,50.284527,3292.3694
21.901497,-22.042496,0,1,3.4624584,969.05865
31.55,-31.766823,0,1,11.925712,952.7479
5.682113,-5.6974235,0,1,62.596226,595.7426
-1.5826677,1.6023622,1,0,118.258644,412.05765
-2.9506729,2.9800675,1,0,105.66182,1119.4692
6.2506957,-6.2985034,0,1,67.27342,622.1559
8.892838,-8.921724,0,1,6.878031,402.85397
-0.53043145,0.5084362,1,0,128.6563,806.70825
2.737628,-2.7887032,0,1,8.476442e-06,713.7948
13.470361,-13.464089,0,1,5.510858,523.42255
1.1593764,-1.1817889,0,1,55.863316,2733.867
3.9383879,-3.9396408,0,1,0.34267238,2703.4792
4.878215,-4.921664,0,1,64.62907,464.70404
-0.8765423,0.87185955,1,0,121.22427,528.2485
13.351864,-13.380432,0,1,35.203045,1944.4227
19.72565,-19.779186,0,1,33.064133,658.36206
5.9220495,-5.9387064,0,1,34.410236,3076.9802
19.652699,-19.76276,0,1,49.46858,3230.1887
4.000883,-4.0606837,0,1,226.04243,985.9323
4.588921,-4.6363907,0,1,42.060455,830.99384
-0.003420934,-0.008724391,1,0,146.28352,401.3307
9.530883,-9.632892,0,1,6.2311835,2883.9229
11.523063,-11.573777,0,1,21.078354,314.39722
29.526821,-29.58434,0,1,0.91108626,633.038
8.597913,-8.650416,0,1,5.6848807,992.3302
8.309622,-8.3812275,0,1,57.116776,2001.3937
19.957565,-20.027231,0,1,3.2142074,362.64978
4.875208,-4.94472,0,1,294.46954,1015.2994
-3.1647937,3.1987934,1,0,129.5894,1069.517
6.385135,-6.4010077,0,1,16.985065,1459.2429
10.562379,-10.587467,0,1,9.240113,3353.4524
10.961257,-11.063765,0,1,16.796148,1574.6298
11.0479765,-11.115268,0,1,16.755634,1044.8597
2.1183305,-2.1458662,0,1,4.939903,856.9633
18.117046,-18.164204,0,1,2.6622183,477.518
7.951704,-7.9991508,0,1,52.986774,261.13837
8.798354,-8.822769,0,1,28.7219,2233.7996
7.678382,-7.694921,0,1,15.368462,1857.1156
4.520595,-4.5872335,0,1,305.83054,994.7973
2.6778388,-2.6863978,0,1,40.154255,601.20685
1.8747718,-1.8796887,0,1,109.055565,565.1261
16.541702,-16.673025,0,1,21.851238,2445.17
-0.30324945,0.29394075,0,1,150.51733,462.83948
38.155136,-38.18418,0,1,3.229645,342.69073
6.6884866,-6.7276835,0,1,17.906792,405.98615
10.7147,-10.727876,0,1,88.894554,438.3311
0.9300523,-0.9505979,0,1,181.81902,599.2473
6.6210127,-6.6677623,0,1,89.83478,331.73544
11.363763,-11.384516,0,1,113.56344,325.405
12.319315,-12.328367,0,1,6.6949816,513.5062
5.2327037,-5.298041,0,1,15.559712,3207.1968
8.884491,-8.909702,0,1,11.530602,986.15656
20.775082,-20.801943,0,1,6.9593344,303.22226
1.2581489,-1.2756685,0,1,65.44157,619.24066
6.492701,-6.543203,0,1,48.087646,2120.097
3.1914415,-3.2337506,0,1,74.783035,1004.89404
0.13491744,-0.14035591,1,0,127.452576,744.64355
3.994835,-4.0060406,0,1,41.35545,583.6542
2.465806,-2.4723651,0,1,69.3567,1903.7885
-2.5644145,2.5916598,1,0,114.9801,1141.8138
16.538502,-16.555609,0,1,2.999555,1355.4545
11.90961,-11.887226,0,1,11.620837,545.0161
1.5064282,-1.5327024,0,1,138.4198,781.66785
-2.1377108,2.1617808,1,0,122.56791,761.74835
36.16329,-36.176292,0,1,2.754299,629.4447
-3.0479145,3.080395,1,0,112.76431,1100.3494
7.711947,-7.713686,0,1,24.67918,314.44467
4.601842,-4.634868,0,1,41.479946,354.10797
4.546625,-4.5986533,0,1,92.486435,394.7044
4.430456,-4.4755936,0,1,15.961718,784.36914
10.073096,-10.070279,0,1,14.363194,1944.1865
11.166779,-11.180609,0,1,9.220264,1300.019
4.039282,-4.100368,0,1,340.221,2536.6108
4.639259,-4.6657023,0,1,146.59482,476.45743
8.914592,-8.9629965,0,1,33.90801,737.6636
2.373918,-2.4160435,0,1,259.10904,1844.2124
25.164787,-25.193905,0,1,4.396519,638.7715
-2.181073,2.205466,1,0,112.131424,584.2205
5.2486305,-5.294388,0,1,2.2418087,1031.1296
1.1826999,-1.2031826,0,1,76.83847,667.85913
-2.653113,2.6806722,1,0,88.84144,1642.5432
13.4838,-13.531418,0,1,2.6591203,420.89255
1.6900071,-1.6880679,1,0,147.28584,443.75745
6.093028,-6.083659,0,1,13.968226,492.1956
1.6704668,-1.7066045,0,1,71.18168,947.79987
11.602501,-11.700665,0,1,47.88053,3442.423
15.370117,-15.449974,0,1,7.4436812,324.88565
12.570063,-12.631386,0,1,2.9577665,609.9698
7.1328974,-7.223191,0,1,203.95845,890.0021
20.970463,-21.101955,0,1,3.3898365,344.16458
5.0341887,-5.095882,0,1,173.23416,749.8265
16.564896,-16.538834,0,1,1.7190692,354.5775
0.70798063,-0.7273567,0,1,67.84409,932.87354
8.669358,-8.7150345,0,1,36.158886,1005.8041
3.275045,-3.300338,0,1,82.330055,715.6199
12.015428,-12.08367,0,1,8.364172,476.836
13.320769,-13.349512,0,1,50.00192,234.6379
13.030719,-13.145939,0,1,0.80677,462.1105
4.198082,-4.2604885,0,1,430.1424,1320.8126
13.995522,-14.08156,0,1,13.144656,499.62262
8.65636,-8.713977,0,1,70.422844,680.88983
3.7245564,-3.733093,0,1,21.888943,782.05347
7.7753124,-7.798372,0,1,7.755916,368.6553
11.591802,-11.565718,0,1,3.8904412,704.1662
28.188889,-28.244953,0,1,3.8776093,311.0444
16.157543,-16.198483,0,1,8.247449,268.20453
19.62387,-19.68135,0,1,21.30565,765.3868
6.9294806,-6.9401307,0,1,16.586674,1507.5983
14.051051,-14.07692,0,1,3.4847457,787.74286
12.868442,-12.934758,0,1,12.84214,538.7304
0.9663029,-0.9777987,1,0,95.15649,1273.0056
2.8056502,-2.8462627,0,1,102.909325,718.85815
12.001014,-12.036854,0,1,38.41921,348.86923
17.842407,-17.927696,0,1,3.6139648,435.04636
9.546378,-9.571993,0,1,7.15687,594.0365
12.181941,-12.256214,0,1,79.48538,214.63692
9.69508,-9.747069,0,1,5.463247,389.81616
-1.7992847,1.8142419,1,0,118.77217,1462.36
3.5636203,-3.617182,0,1,19.216963,2808.8699
0.8196019,-0.8408972,0,1,163.26396,1955.3363
-2.6214852,2.6491551,1,0,110.36713,614.95245
10.758361,-10.854908,0,1,46.453793,393.3413
4.046057,-4.1080303,0,1,373.32364,966.4223
-2.8705523,2.9004812,1,0,160.52179,1285.4958
7.283498,-7.2964272,0,1,63.26184,456.84064
2.8665333,-2.9004836,0,1,2.7781775,734.39355
31.153328,-31.243633,0,1,6.029674,264.3959
8.78851,-8.823995,0,1,83.99692,270.91525
4.466612,-4.5241027,0,1,15.504713,1311.5248
3.4161618,-3.4273374,0,1,59.758575,1750.6694
-2.3111002,2.3364606,1,0,102.20279,886.41766
20.879078,-20.947163,0,1,4.740579,289.31357
30.163845,-30.299105,0,1,1.9732064,314.66653
0.7863703,-0.80759835,0,1,473.80188,1373.0626
21.222164,-21.25295,0,1,12.127978,350.8987
5.5419884,-5.5687284,0,1,66.65139,474.9047
3.7983978,-3.8525407,0,1,121.522194,288.54373
12.879323,-12.928027,0,1,10.67009,645.1408
5.4153614,-5.427575,0,1,11.548171,2679.5637
2.3761165,-2.4278386,0,1,153.89595,852.5136
2.8327494,-2.874276,0,1,11.902868,810.6742
18.264645,-18.3387,0,1,62.1387,235.46625
4.4303513,-4.495845,1,0,4.0659714,2023.5643
4.1675854,-4.1949267,0,1,38.935547,224.39758
11.695552,-11.71731,0,1,9.069284,494.27222
3.236957,-3.2865841,0,1,350.5564,959.34576
-1.7283063,1.7422369,1,0,119.57892,552.9895
16.799694,-16.85095,0,1,7.8803396,1120.5596
2.9164586,-2.9433749,0,1,69.709984,372.49472
-3.693525,3.734658,1,0,87.09471,1176.0397
1.5386993,-1.5514153,1,0,5.1821856,822.7834
5.5193443,-5.52287,0,1,8.916386,514.20166
4.07646,-4.115667,0,1,135.36923,413.63562
13.280173,-13.332166,0,1,5.1685314,378.36816
3.28014,-3.3266041,0,1,173.18588,379.3933
5.762104,-5.8231997,0,1,176.15633,807.02435
4.5741396,-4.5596128,0,1,56.81815,297.887
16.67794,-16.79427,0,1,4.95735,2388.1926
12.760072,-12.777841,0,1,2.2696874,331.57385
16.871151,-16.919973,0,1,24.1008,283.5804
7.295657,-7.3228507,0,1,36.95627,413.7386
9.34633,-9.41964,0,1,56.521084,943.2361
-0.7006139,0.68831545,0,1,15.603775,874.26544
7.435087,-7.478898,0,1,41.388573,499.99915
1.2321525,-1.2563801,1,0,285.77902,712.97156
-0.22512168,0.20674817,0,1,130.78229,2071.9907
3.5047822,-3.5464134,0,1,221.02626,1018.30835
2.3059378,-2.3450077,1,0,240.95366,914.11163
13.016433,-13.105385,0,1,32.271347,960.33875
14.85542,-14.89192,0,1,10.548517,762.9028
0.74954414,-0.7793988,0,1,145.04915,363.9489
0.52041066,-0.5400691,0,1,65.903,658.18445
1.7510123,-1.7561791,0,1,74.439064,432.94147
15.65955,-15.666969,0,1,103.82314,502.92386
10.670892,-10.668219,0,1,26.655226,423.36554
17.242458,-17.278461,0,1,50.629326,688.79865
20.960545,-21.077728,0,1,1.9388118,1774.0104
4.4461694,-4.493233,0,1,5.71659,958.47687
-2.2195148,2.2441263,1,0,117.41356,1758.3214
11.348933,-11.442226,0,1,1.702275,1003.76654
9.449342,-9.453375,0,1,2.120622,350.08337
-4.330202,4.378658,1,0,119.833725,1171.5015
3.6889248,-3.7092223,0,1,37.697964,741.7635
1.7176489,-1.7314487,0,1,86.35077,678.7983
5.941452,-6.015282,0,1,494.71814,1779.9061
20.568317,-20.68679,0,1,11.05533,701.44763
2.75686,-2.800854,0,1,225.22348,3166.3967
8.616387,-8.6156845,0,1,10.26965,783.62744
5.782436,-5.7805753,0,1,0.13111241,578.6712
-0.23120274,0.21656796,1,0,114.49315,514.3818
-1.6847756,1.6974338,1,0,107.13364,834.1891
0.2489658,-0.26870367,1,0,108.04198,532.79034
16.442959,-16.511526,0,1,8.715914,867.4263
-2.164819,2.1884987,1,0,101.100586,1158.1875
2.4383464,-2.4829423,0,1,285.9986,799.8445
35.365555,-35.438854,0,1,4.7086654,343.7146
1.1749793,-1.2018396,0,1,527.1481,2194.3198
2.3574028,-2.366639,0,1,96.16947,675.4846
-2.932754,2.9637382,1,0,105.72331,912.96
10.066133,-10.109202,0,1,62.77706,423.24606
5.5289135,-5.5980563,0,1,7.4581313,1828.1462
0.0752542,-0.08152282,1,0,87.034035,312.30527
5.729398,-5.7417912,0,1,12.713872,771.86163
7.575507,-7.5922184,0,1,32.474728,438.37363
5.17212,-5.233771,0,1,13.049407,1200.7777
2.1174564,-2.149977,0,1,227.89488,1236.8054
8.145547,-8.214123,0,1,5.5647945,318.68445
-1.9515393,1.9730383,1,0,109.83631,844.93787
4.8431797,-4.834055,0,1,43.755123,298.6298
-2.1974816,2.2219968,1,0,123.95227,631.80646
8.320266,-8.324255,0,1,1.7212837,1720.0016
12.433384,-12.4428005,0,1,3.8736565,334.12042
6.626667,-6.629892,0,1,38.353813,708.05054
9.53966,-9.604311,0,1,5.258547,606.4191
6.719469,-6.7756343,0,1,6.335213,1152.33
13.427363,-13.471165,0,1,8.627287,222.74022
11.766974,-11.814249,0,1,7.4804397,1122.3768
2.8693547,-2.9030907,0,1,226.88908,2098.4556
31.613266,-31.683031,0,1,9.078633,578.6533
3.3867106,-3.4329128,0,1,162.64584,1014.1844
3.3078337,-3.361406,0,1,190.91986,1373.8949
5.798623,-5.8713946,0,1,79.43861,290.05402
-1.6725705,1.6828992,0,1,628.0589,2696.6077
-2.343194,2.3683355,0,1,159.07385,1425.4998
19.781166,-19.890036,0,1,1.1845167,720.6779
19.46756,-19.52282,0,1,14.275054,267.4781
-2.3467965,2.372164,1,0,121.497185,1245.3549
3.0942626,-3.1381218,0,1,604.45905,1830.1218
7.8311663,-7.860864,0,1,41.51836,3222.4705
5.245908,-5.30012,1,0,117.879105,736.8572
19.637459,-19.696562,0,1,1.545938,324.931
-0.062926434,0.04866168,1,0,116.48108,515.99286
7.8130183,-7.8812804,0,1,3.4359198,1005.7831
20.924828,-20.974098,0,1,5.825845,419.75754
1.8053046,-1.8313324,0,1,174.14093,488.6559
4.0899267,-4.1268015,0,1,99.34122,2724.472
0.20557591,-0.2193279,1,0,172.26422,969.9409
15.277068,-15.344683,0,1,5.1314993,457.57413
4.1196218,-4.1107993,0,1,15.151215,350.55957
3.6844358,-3.74833,0,1,833.4411,2409.1416
0.49903393,-0.5106529,0,1,15.226847,1729.296
3.0111985,-3.040013,0,1,95.19717,444.82596
31.791409,-31.806114,0,1,0.9600074,442.03003
26.263222,-26.333086,0,1,12.7885275,368.34323
6.6631417,-6.7431593,0,1,74.07129,793.6316
18.93805,-19.02393,0,1,15.990339,327.09735
6.996319,-7.0423303,0,1,5.909108,298.703
7.0557747,-7.055978,0,1,4.9310403,1755.5304
14.468917,-14.547484,0,1,2.7307744,257.78226
2.5467596,-2.5759437,0,1,76.913826,267.4265
18.703434,-18.699938,0,1,8.712564,766.95374
5.500736,-5.52482,0,1,22.25142,343.13275
9.1253195,-9.216846,0,1,66.32289,444.89197
4.665615,-4.7149453,0,1,11.079078,1559.6908
10.534003,-10.560524,0,1,2.4208765,207.53455
8.088352,-8.131042,0,1,30.374804,2428.4111
12.480484,-12.501411,0,1,1.2546382,663.95337
-2.916183,2.9469514,1,0,116.37958,1235.4808
6.521206,-6.5447016,0,1,24.981466,475.6667
22.601997,-22.639767,0,1,3.616925,409.29517
-0.44050407,0.42609343,0,1,108.87336,237.19016
11.841786,-11.93812,0,1,130.95375,2341.0122
12.591473,-12.663027,0,1,19.261324,368.20337
3.0656404,-3.0908034,0,1,5.292439,1052.5591
-2.7541108,2.782955,1,0,109.52026,1406.4167
11.987834,-12.025572,0,1,3.51773,581.812
26.645733,-26.702589,0,1,13.414346,478.82767
27.775871,-27.88413,0,1,6.3235216,253.21178
15.98458,-15.981846,0,1,7.492008,831.2238
-2.3254447,2.3505604,0,1,218.43028,1710.372
6.2111216,-6.201071,0,1,3.8111079,420.00903
5.60763,-5.671023,0,1,144.24011,2853.1045
4.034476,-4.0860105,0,1,225.38396,716.0808
2.4685764,-2.5049424,0,1,246.7199,530.43536
0.10380468,-0.112174064,0,1,84.8638,437.6979
8.826446,-8.899079,0,1,11.465007,450.45422
5.571724,-5.645957,0,1,20.838833,1604.5327
12.087071,-12.094793,0,1,2.898097,377.47092
0.9453038,-0.9670179,0,1,19.489443,3715.694
2.009621,-2.043101,0,1,280.8577,1093.2776
5.4072695,-5.4187417,0,1,74.74598,236.86668
2.2863674,-2.3248208,0,1,239.8058,1180.8029
-0.13100128,0.1241882,0,1,196.49413,896.4102
12.7387085,-12.704847,0,1,3.6231718,410.92868
3.8654146,-3.8924873,0,1,69.54411,744.40924
8.042652,-8.077213,0,1,38.90562,420.39273
14.122657,-14.213348,0,1,1.3764335,1044.8197
4.6079197,-4.631835,0,1,127.83969,620.0502
4.465314,-4.452295,0,1,103.503876,499.76215
1.8518369,-1.844605,1,0,56.912167,2501.11
8.441323,-8.496917,0,1,99.045044,672.692
3.142147,-3.1893103,1,0,105.84834,1558.2958
4.7604113,-4.78048,0,1,63.718655,1145.0555
3.6379828,-3.6855094,0,1,288.38544,1413.2352
1.5284135,-1.5588181,0,1,403.62296,2896.3184
13.1620245,-13.174299,0,1,11.520553,476.20868
5.5172234,-5.5697093,0,1,14.905932,490.20056
16.000023,-16.030317,0,1,7.7940087,1457.7229
10.658881,-10.7378235,0,1,64.955376,901.7224
25.363369,-25.347115,0,1,8.602916,517.78925
1.3433748,-1.3551636,0,1,96.53619,338.37842
22.677582,-22.708294,0,1,0.4566176,756.6779
20.220184,-20.28191,0,1,143.95547,516.5797
23.909363,-23.931164,0,1,2.4933476,325.89172
1.5162039,-1.5395703,0,1,75.53638,829.5615
5.382506,-5.4558616,0,1,205.4037,1396.6224
5.3626995,-5.3638654,0,1,39.59167,559.01984
12.924541,-12.952854,0,1,3.9704072,430.36316
9.458771,-9.560948,0,1,9.198393,447.12146
35.245834,-35.29401,0,1,7.402215,464.75555
14.6087675,-14.636911,0,1,2.349472,639.4962
1.8254633,-1.8684318,0,1,300.8281,707.7853
6.006153,-5.9796395,0,1,8.76507,795.17664
6.353916,-6.4162145,0,1,46.658134,627.09375
3.5347388,-3.5704093,0,1,77.51875,510.93713
-0.078355074,0.056805134,1,0,23.219124,1573.219
17.902603,-17.874037,0,1,13.789402,852.63214
6.8004627,-6.8378367,0,1,20.17386,1326.7114
14.111471,-14.196165,0,1,19.480188,1572.8024
2.342568,-2.378872,0,1,92.646774,574.62036
12.523472,-12.586321,0,1,74.80373,1648.6443
10.502224,-10.496994,0,1,4.2083735,620.64886
-0.8156477,0.8039862,1,0,142.1695,1174.9803
1.0499063,-1.077759,0,1,209.24055,863.1907
2.3273983,-2.3489885,0,1,14.290147,1069.5643
3.2929678,-3.323642,0,1,90.92766,410.69864
6.089255,-6.128921,0,1,46.50059,453.72018
8.4348345,-8.474804,0,1,135.2641,491.99686
7.485462,-7.5160823,0,1,59.32713,306.08423
-2.3601227,2.385848,1,0,103.0395,468.66925
9.379287,-9.45485,0,1,44.684208,238.23172
-2.9899673,3.021695,1,0,127.63563,1019.3665
9.472859,-9.483871,0,1,7.8467937,257.9762
18.324875,-18.356035,0,1,9.661613,527.3968
24.705597,-24.6898,0,1,4.0317163,435.0272
4.0767555,-4.1384616,0,1,6.8954983,2293.4348
10.886441,-10.95017,0,1,17.986086,3170.5798
12.612479,-12.647108,0,1,25.746544,415.27548
-2.2374697,2.2622392,1,0,140.57327,313.8431
3.7141304,-3.7484503,0,1,246.05757,900.5597
2.9259133,-2.8891838,0,1,40.522087,3216.093
-0.05579798,0.049424976,1,0,117.36622,1325.1029
29.320316,-29.414713,0,1,41.327362,2728.8167
9.808438,-9.911142,0,1,4.190057,1015.0121
1.9450185,-1.9704196,0,1,15.288612,1843.5012
11.657834,-11.751486,1,0,114.675224,1098.8265
0.97734547,-1.0032768,0,1,147.17578,1093.9961
0.5997601,-0.6192353,1,0,97.923645,1106.6849
-2.1583757,2.1820374,0,1,86.4116,495.8036
10.423662,-10.538732,0,1,140.75627,545.14514
18.056839,-18.131754,0,1,9.102258,417.2777
9.303142,-9.394308,0,1,50.148438,496.7984
6.2210245,-6.270716,0,1,33.79225,347.06277
8.445378,-8.494731,0,1,29.458773,460.0087
3.4260147,-3.4632938,0,1,57.22492,2985.3247
2.8875198,-2.887901,0,1,164.35162,1282.3386
-1.1231554,1.1241133,1,0,56.05198,498.86105
2.6875463,-2.7317605,0,1,208.66821,467.95175
11.976438,-12.0683975,0,1,34.06373,1428.8066
-1.1391507,1.1434795,0,1,89.47142,532.31573
4.3494744,-4.40239,0,1,92.724884,454.36136
-0.04288517,0.027219594,0,1,299.1506,1043.6069
5.359128,-5.436006,0,1,380.99536,996.01196
17.525116,-17.621593,0,1,12.540045,2574.2717
5.9480686,-5.9688687,0,1,23.393272,1603.85
5.520971,-5.537723,0,1,91.66505,542.10205
-2.1662476,2.1905303,1,0,93.24971,306.78873
3.5171494,-3.5032485,0,1,86.69388,608.784
5.0435867,-5.088035,0,1,143.10635,781.8484
23.917809,-24.030033,0,1,3.1822314,960.58777
6.224361,-6.249723,0,1,30.589178,2360.7222
2.5680437,-2.619004,0,1,3.432085,729.4631
17.801903,-17.900269,0,1,3.1122108,498.9293
14.995033,-15.050455,0,1,87.97036,258.34372
3.8705387,-3.9304936,0,1,273.76703,3080.1375
2.904367,-2.9484994,0,1,306.40646,930.7116
3.5974197,-3.6151223,0,1,60.286015,319.26486
28.936909,-29.027275,0,1,12.392163,513.31067
0.24402511,-0.2641084,0,1,454.02386,1366.2117
7.6534443,-7.742321,0,1,38.820545,3335.9336
14.879823,-14.908602,0,1,0.8365221,428.3055
4.1186743,-4.1306252,0,1,47.7055,2593.1907
1.1580695,-1.1765509,0,1,182.8787,441.6953
2.159576,-2.1870391,0,1,19.229204,3010.3135
3.5455856,-3.5603654,0,1,3.1191201,413.97565
22.885082,-22.970161,0,1,3.2634938,626.62164
11.797748,-11.802356,0,1,10.733072,551.8688
3.9042115,-3.9271996,0,1,85.45565,535.5534
0.41700864,-0.43799672,0,1,3.8594975,816.0611
11.313941,-11.346102,0,1,4.287574,1344.4625
19.033215,-19.056896,0,1,11.5408945,655.88354
-3.131496,3.1648302,1,0,129.94943,948.56506
-0.7275451,0.72081804,1,0,122.41413,389.0203
4.627018,-4.6063447,0,1,57.593807,3283.4517
16.372185,-16.462822,0,1,33.85489,1769.0322
9.614181,-9.624624,0,1,26.404121,579.0972
23.746681,-23.781069,0,1,2.4191718,243.14485
15.786775,-15.875217,0,1,0.76791686,585.317
11.036586,-11.097347,0,1,30.370525,281.77393
9.226539,-9.29228,0,1,2.5604608,1152.9858
0.39480352,-0.40451488,0,1,112.00722,1379.8862
17.790207,-17.804483,0,1,6.2819996,346.84195
19.587616,-19.656952,0,1,47.772022,3277.6345
1.0385628,-1.065419,0,1,271.0978,1065.9957
10.164783,-10.19873,0,1,19.42872,573.00385
12.36412,-12.441853,0,1,12.22123,361.25116
16.490894,-16.530031,0,1,34.778408,1285.9182
0.2574046,-0.2772192,0,1,454.50235,2499.178
17.519905,-17.608027,0,1,22.896935,1501.9181
2.0324457,-2.0776446,1,0,331.29404,1170.4016
0.16859818,-0.18566468,0,1,3.0385377,1109.2318
29.069672,-29.09306,0,1,1.0957621,255.29823
4.2258234,-4.277499,0,1,10.050967,210.18336
4.6939793,-4.68657,0,1,13.840127,2549.748
4.2388005,-4.290565,0,1,73.99984,743.15356
11.80302,-11.893966,0,1,18.815416,239.61719
9.717151,-9.802267,0,1,21.963274,691.84143
6.058443,-6.0493207,0,1,46.77831,3118.2449
3.4175835,-3.4224274,0,1,6.132823,706.2543
1.8819427,-1.9049866,0,1,107.78393,289.46964
-1.6005311,1.6188307,1,0,85.51528,257.60443
8.707227,-8.790326,0,1,6.492865,854.4033
-0.39454806,0.381453,1,0,116.229515,429.6891
15.386081,-15.424147,0,1,62.047325,300.19885
6.477608,-6.518601,0,1,45.936638,279.16077
4.8293214,-4.890509,0,1,31.958084,565.9483
6.84528,-6.8658233,0,1,2.0571985,980.58624
13.53302,-13.542875,0,1,2.432688,499.02924
8.915145,-8.957418,0,1,1.2905598,688.3633
6.0155897,-6.0147176,0,1,17.361643,1373.0295
1.8841493,-1.9226062,0,1,38.159763,2551.8262
6.32848,-6.390182,0,1,202.8948,847.3086
2.3582373,-2.3976958,0,1,63.477886,311.29465
10.4430685,-10.52202,0,1,24.530329,816.9941
18.113552,-18.188242,0,1,6.427056,364.80997
2.9870224,-3.0317929,0,1,71.35397,1790.59
11.977515,-12.002882,0,1,13.505009,948.9272
17.657467,-17.597471,0,1,7.528856,202.73802
10.3237915,-10.34583,0,1,7.8642774,403.1204
18.768631,-18.834202,0,1,3.470626,370.8848
4.911413,-4.951411,0,1,57.323307,408.39758
